change_point_count,data_length,noise_level,noise_type,penalty,runtime,precision,recall,f1,cps_pars
1,70,30,Gaussian,BIC_0,18.258702993392944,1.0,1.0,1.0,"([50], [0.6902652401394964, 8.945688836302077e-5, 0.0001407886746002324])"
1,70,40,Gaussian,BIC_0,15.322036027908325,1.0,1.0,1.0,"([50], [0.6898945764692678, 8.948133177485179e-5, 0.00014186350713476812])"
1,70,30,Uniform,BIC_0,21.630391120910645,1.0,1.0,1.0,"([50], [0.6900361388080413, 8.944679008164275e-5, 0.00014067050318093617])"
1,70,40,Uniform,BIC_0,25.556757926940918,1.0,1.0,1.0,"([50], [0.6897788728102655, 8.960520370478672e-5, 0.00014310993665409789])"
1,70,30,Gaussian,BIC_1,18.134772062301636,1.0,1.0,1.0,"([50], [0.6902652401394964, 8.945688836302077e-5, 0.0001407886746002324])"
1,70,40,Gaussian,BIC_1,15.359885931015015,1.0,1.0,1.0,"([50], [0.6898945764692678, 8.948133177485179e-5, 0.00014186350713476812])"
1,70,30,Uniform,BIC_1,21.626505851745605,1.0,1.0,1.0,"([50], [0.6900361388080413, 8.944679008164275e-5, 0.00014067050318093617])"
1,70,40,Uniform,BIC_1,25.593076944351196,1.0,1.0,1.0,"([50], [0.6897788728102655, 8.960520370478672e-5, 0.00014310993665409789])"
1,70,30,Gaussian,BIC_10,18.176186084747314,1.0,1.0,1.0,"([50], [0.6902652401394964, 8.945688836302077e-5, 0.0001407886746002324])"
1,70,40,Gaussian,BIC_10,15.325518131256104,1.0,1.0,1.0,"([50], [0.6898945764692678, 8.948133177485179e-5, 0.00014186350713476812])"
1,70,30,Uniform,BIC_10,21.87866997718811,1.0,1.0,1.0,"([50], [0.6900361388080413, 8.944679008164275e-5, 0.00014067050318093617])"
1,70,40,Uniform,BIC_10,26.399080991744995,1.0,1.0,1.0,"([50], [0.6897788728102655, 8.960520370478672e-5, 0.00014310993665409789])"
1,70,0,Gaussian,BIC_20,28.750759840011597,0.5,1.0,0.6666666666666666,"([50, 60], [0.6900877878105078, 8.905269066796141e-5, 0.00013551946043250434, 0.0001389002510930565])"
1,70,1,Gaussian,BIC_20,29.316740036010742,0.5,1.0,0.6666666666666666,"([40, 50], [0.6902226024809521, 8.899951845181973e-5, 8.196038245586468e-5, 0.00013313540255249526])"
1,70,10,Gaussian,BIC_20,27.23746395111084,0.5,1.0,0.6666666666666666,"([40, 50], [0.690235192063887, 8.893808745148743e-5, 8.076339410435904e-5, 0.00013190577538800896])"
1,70,20,Gaussian,BIC_20,19.61566400527954,1.0,1.0,1.0,"([50], [0.6901907318124142, 8.934877539799466e-5, 0.00013930815954598945])"
1,70,100,Gaussian,BIC_20,5.694853067398071,NaN,0.0,NaN,"(Int64[], [0.6888222939014533, 8.738837308833925e-5])"
1,70,0,Uniform,BIC_20,28.622518062591553,0.5,1.0,0.6666666666666666,"([50, 60], [0.6900877878105078, 8.905269066796141e-5, 0.00013551946043250434, 0.0001389002510930565])"
1,70,1,Uniform,BIC_20,23.27774214744568,0.5,1.0,0.6666666666666666,"([50, 60], [0.6900772722923246, 8.90443851435482e-5, 0.00013550114196058514, 0.00013893332417577446])"
1,70,10,Uniform,BIC_20,28.204635858535767,0.5,1.0,0.6666666666666666,"([40, 50], [0.6900631472070051, 8.890446760471859e-5, 8.109605213229143e-5, 0.00013144317243484537])"
1,70,20,Uniform,BIC_20,19.08013892173767,0.5,1.0,0.6666666666666666,"([50, 60], [0.6899720023482615, 8.969657214374547e-5, 0.0001413972279335831, 0.0001437239869547242])"
1,70,100,Uniform,BIC_20,15.866501092910767,1.0,1.0,1.0,"([50], [0.6900902733102926, 8.986242758425701e-5, 0.00014899608001796045])"
1,70,0,Gaussian,BIC_30,28.52575993537903,0.5,1.0,0.6666666666666666,"([50, 60], [0.6900877878105078, 8.905269066796141e-5, 0.00013551946043250434, 0.0001389002510930565])"
1,70,1,Gaussian,BIC_30,29.369679927825928,0.5,1.0,0.6666666666666666,"([40, 50], [0.6902226024809521, 8.899951845181973e-5, 8.196038245586468e-5, 0.00013313540255249526])"
1,70,10,Gaussian,BIC_30,27.319720029830933,0.5,1.0,0.6666666666666666,"([40, 50], [0.690235192063887, 8.893808745148743e-5, 8.076339410435904e-5, 0.00013190577538800896])"
1,70,20,Gaussian,BIC_30,19.436392068862915,1.0,1.0,1.0,"([50], [0.6901907318124142, 8.934877539799466e-5, 0.00013930815954598945])"
1,70,100,Gaussian,BIC_30,5.652784109115601,NaN,0.0,NaN,"(Int64[], [0.6888222939014533, 8.738837308833925e-5])"
1,70,0,Uniform,BIC_30,28.5152530670166,0.5,1.0,0.6666666666666666,"([50, 60], [0.6900877878105078, 8.905269066796141e-5, 0.00013551946043250434, 0.0001389002510930565])"
1,70,1,Uniform,BIC_30,23.20011305809021,0.5,1.0,0.6666666666666666,"([50, 60], [0.6900772722923246, 8.90443851435482e-5, 0.00013550114196058514, 0.00013893332417577446])"
1,70,10,Uniform,BIC_30,28.116809844970703,0.5,1.0,0.6666666666666666,"([40, 50], [0.6900631472070051, 8.890446760471859e-5, 8.109605213229143e-5, 0.00013144317243484537])"
1,70,20,Uniform,BIC_30,19.06762409210205,0.5,1.0,0.6666666666666666,"([50, 60], [0.6899720023482615, 8.969657214374547e-5, 0.0001413972279335831, 0.0001437239869547242])"
1,70,100,Uniform,BIC_30,15.787545919418335,1.0,1.0,1.0,"([50], [0.6900902733102926, 8.986242758425701e-5, 0.00014899608001796045])"
1,70,30,Gaussian,BIC_100,11.301493167877197,NaN,0.0,NaN,"(Int64[], [0.6894399411679606, 8.777378105668613e-5])"
1,70,40,Gaussian,BIC_100,7.0061140060424805,NaN,0.0,NaN,"(Int64[], [0.6899219292227298, 8.77239164258435e-5])"
1,70,30,Uniform,BIC_100,21.680418968200684,1.0,1.0,1.0,"([50], [0.6900361388080413, 8.944679008164275e-5, 0.00014067050318093617])"
1,70,40,Uniform,BIC_100,25.5654239654541,1.0,1.0,1.0,"([50], [0.6897788728102655, 8.960520370478672e-5, 0.00014310993665409789])"
1,130,30,Gaussian,BIC_0,43.922308921813965,1.0,1.0,1.0,"([50], [0.6900495702544627, 8.913084587826975e-5, 0.00013788480671982634])"
1,130,40,Gaussian,BIC_0,39.11308288574219,1.0,1.0,1.0,"([50], [0.6912940856701698, 8.909763249888553e-5, 0.00013743666844405998])"
1,130,30,Uniform,BIC_0,73.0988450050354,0.5,1.0,0.6666666666666666,"([50, 60], [0.6902183481287936, 8.988746197628907e-5, 0.00014314410979055596, 0.00014914628192553493])"
1,130,40,Uniform,BIC_0,65.79446697235107,0.5,1.0,0.6666666666666666,"([50, 60], [0.6900798637463975, 8.965730464097389e-5, 0.0001408185430059953, 0.00014914820931987005])"
1,130,30,Gaussian,BIC_1,43.94413089752197,1.0,1.0,1.0,"([50], [0.6900495702544627, 8.913084587826975e-5, 0.00013788480671982634])"
1,130,40,Gaussian,BIC_1,39.26471185684204,1.0,1.0,1.0,"([50], [0.6912940856701698, 8.909763249888553e-5, 0.00013743666844405998])"
1,130,30,Uniform,BIC_1,73.18278694152832,0.5,1.0,0.6666666666666666,"([50, 60], [0.6902183481287936, 8.988746197628907e-5, 0.00014314410979055596, 0.00014914628192553493])"
1,130,40,Uniform,BIC_1,65.8329119682312,0.5,1.0,0.6666666666666666,"([50, 60], [0.6900798637463975, 8.965730464097389e-5, 0.0001408185430059953, 0.00014914820931987005])"
1,130,30,Gaussian,BIC_10,43.87279987335205,1.0,1.0,1.0,"([50], [0.6900495702544627, 8.913084587826975e-5, 0.00013788480671982634])"
1,130,40,Gaussian,BIC_10,39.289304971694946,1.0,1.0,1.0,"([50], [0.6912940856701698, 8.909763249888553e-5, 0.00013743666844405998])"
1,130,30,Uniform,BIC_10,73.18179893493652,0.5,1.0,0.6666666666666666,"([50, 60], [0.6902183481287936, 8.988746197628907e-5, 0.00014314410979055596, 0.00014914628192553493])"
1,130,40,Uniform,BIC_10,65.87601900100708,0.5,1.0,0.6666666666666666,"([50, 60], [0.6900798637463975, 8.965730464097389e-5, 0.0001408185430059953, 0.00014914820931987005])"
1,130,0,Gaussian,BIC_20,87.45549607276917,0.5,1.0,0.6666666666666666,"([50, 60], [0.6900715425106546, 8.91376712789135e-5, 0.00013632071308376215, 0.00013921492535317267])"
1,130,1,Gaussian,BIC_20,61.34295392036438,0.5,1.0,0.6666666666666666,"([10, 50], [0.6898234870569928, 9.232415418144611e-5, 8.871507203859377e-5, 0.00013615256218315502])"
1,130,10,Gaussian,BIC_20,53.18291187286377,0.5,1.0,0.6666666666666666,"([40, 50], [0.6900901272043226, 8.885431889643374e-5, 8.193366634410885e-5, 0.00013121245906161244])"
1,130,20,Gaussian,BIC_20,39.53814697265625,1.0,1.0,1.0,"([50], [0.6901329189419949, 8.916371792145251e-5, 0.00013757243987240952])"
1,130,100,Gaussian,BIC_20,27.100141048431396,NaN,0.0,NaN,"(Int64[], [0.6899704766309951, 8.745427281280847e-5])"
1,130,0,Uniform,BIC_20,87.52084493637085,0.5,1.0,0.6666666666666666,"([50, 60], [0.6900715425106546, 8.91376712789135e-5, 0.00013632071308376215, 0.00013921492535317267])"
1,130,1,Uniform,BIC_20,75.89764904975891,0.5,1.0,0.6666666666666666,"([50, 60], [0.6901562414585142, 8.905660490773762e-5, 0.00013543386396183037, 0.00013896101623834834])"
1,130,10,Uniform,BIC_20,49.97230315208435,1.0,1.0,1.0,"([50], [0.6900799581633418, 8.921372965030601e-5, 0.0001376080052490239])"
1,130,20,Uniform,BIC_20,68.08797001838684,0.5,1.0,0.6666666666666666,"([50, 60], [0.6900424883299233, 8.933275112091987e-5, 0.0001365183512019743, 0.00014400300084490314])"
1,130,100,Uniform,BIC_20,47.18573784828186,1.0,1.0,1.0,"([50], [0.6900512261274399, 9.013547514465503e-5, 0.00014984714085117894])"
1,130,0,Gaussian,BIC_30,87.44208407402039,0.5,1.0,0.6666666666666666,"([50, 60], [0.6900715425106546, 8.91376712789135e-5, 0.00013632071308376215, 0.00013921492535317267])"
1,130,1,Gaussian,BIC_30,61.48803186416626,0.5,1.0,0.6666666666666666,"([10, 50], [0.6898234870569928, 9.232415418144611e-5, 8.871507203859377e-5, 0.00013615256218315502])"
1,130,10,Gaussian,BIC_30,53.154853105545044,0.5,1.0,0.6666666666666666,"([40, 50], [0.6900901272043226, 8.885431889643374e-5, 8.193366634410885e-5, 0.00013121245906161244])"
1,130,20,Gaussian,BIC_30,39.57813286781311,1.0,1.0,1.0,"([50], [0.6901329189419949, 8.916371792145251e-5, 0.00013757243987240952])"
1,130,100,Gaussian,BIC_30,27.1686589717865,NaN,0.0,NaN,"(Int64[], [0.6899704766309951, 8.745427281280847e-5])"
1,130,0,Uniform,BIC_30,87.61649298667908,0.5,1.0,0.6666666666666666,"([50, 60], [0.6900715425106546, 8.91376712789135e-5, 0.00013632071308376215, 0.00013921492535317267])"
1,130,1,Uniform,BIC_30,75.99573707580566,0.5,1.0,0.6666666666666666,"([50, 60], [0.6901562414585142, 8.905660490773762e-5, 0.00013543386396183037, 0.00013896101623834834])"
1,130,10,Uniform,BIC_30,50.006370067596436,1.0,1.0,1.0,"([50], [0.6900799581633418, 8.921372965030601e-5, 0.0001376080052490239])"
1,130,20,Uniform,BIC_30,68.26702094078064,0.5,1.0,0.6666666666666666,"([50, 60], [0.6900424883299233, 8.933275112091987e-5, 0.0001365183512019743, 0.00014400300084490314])"
1,130,100,Uniform,BIC_30,18.78574800491333,NaN,0.0,NaN,"(Int64[], [0.6884537979604997, 8.89469234852679e-5])"
1,130,30,Gaussian,BIC_100,18.97229790687561,NaN,0.0,NaN,"(Int64[], [0.6894085643461761, 8.774853603241831e-5])"
1,130,40,Gaussian,BIC_100,16.788254022598267,NaN,0.0,NaN,"(Int64[], [0.6897346828022707, 8.769054186321007e-5])"
1,130,30,Uniform,BIC_100,17.268678903579712,NaN,0.0,NaN,"(Int64[], [0.6893692645150441, 8.837340158579975e-5])"
1,130,40,Uniform,BIC_100,18.631078004837036,NaN,0.0,NaN,"(Int64[], [0.6885314212556309, 8.833725472511159e-5])"
2,130,30,Gaussian,BIC_0,73.10838389396667,1.0,1.0,1.0,"([50, 100], [0.6900168344944727, 8.950329796406285e-5, 0.0001421211352960826, 0.0002623046653095492])"
2,130,40,Gaussian,BIC_0,73.34912014007568,1.0,1.0,1.0,"([50, 100], [0.6900312020301007, 8.946479388018751e-5, 0.00014196112983503583, 0.00026266024040055104])"
2,130,30,Uniform,BIC_0,65.24889707565308,1.0,1.0,1.0,"([50, 100], [0.6900098379417607, 8.955576783977472e-5, 0.00014163240453439919, 0.0002608968100153408])"
2,130,40,Uniform,BIC_0,75.14004397392273,1.0,1.0,1.0,"([50, 100], [0.6900110385231497, 8.960585831078206e-5, 0.00014221433253017347, 0.0002639387686728383])"
2,130,30,Gaussian,BIC_1,73.03490805625916,1.0,1.0,1.0,"([50, 100], [0.6900168344944727, 8.950329796406285e-5, 0.0001421211352960826, 0.0002623046653095492])"
2,130,40,Gaussian,BIC_1,73.28212213516235,1.0,1.0,1.0,"([50, 100], [0.6900312020301007, 8.946479388018751e-5, 0.00014196112983503583, 0.00026266024040055104])"
2,130,30,Uniform,BIC_1,65.25033617019653,1.0,1.0,1.0,"([50, 100], [0.6900098379417607, 8.955576783977472e-5, 0.00014163240453439919, 0.0002608968100153408])"
2,130,40,Uniform,BIC_1,75.08441495895386,1.0,1.0,1.0,"([50, 100], [0.6900110385231497, 8.960585831078206e-5, 0.00014221433253017347, 0.0002639387686728383])"
2,130,30,Gaussian,BIC_10,72.9993748664856,1.0,1.0,1.0,"([50, 100], [0.6900168344944727, 8.950329796406285e-5, 0.0001421211352960826, 0.0002623046653095492])"
2,130,40,Gaussian,BIC_10,73.27155208587646,1.0,1.0,1.0,"([50, 100], [0.6900312020301007, 8.946479388018751e-5, 0.00014196112983503583, 0.00026266024040055104])"
2,130,30,Uniform,BIC_10,65.35202503204346,1.0,1.0,1.0,"([50, 100], [0.6900098379417607, 8.955576783977472e-5, 0.00014163240453439919, 0.0002608968100153408])"
2,130,40,Uniform,BIC_10,75.2618179321289,1.0,1.0,1.0,"([50, 100], [0.6900110385231497, 8.960585831078206e-5, 0.00014221433253017347, 0.0002639387686728383])"
2,130,0,Gaussian,BIC_20,68.60120987892151,1.0,1.0,1.0,"([50, 100], [0.6900476360095297, 8.941854468422352e-5, 0.00014127134556929936, 0.0002581554681687265])"
2,130,1,Gaussian,BIC_20,72.17617011070251,1.0,1.0,1.0,"([50, 100], [0.6900196794316884, 8.945476146010897e-5, 0.00014097261494499863, 0.0002560407731013615])"
2,130,10,Gaussian,BIC_20,68.7817759513855,1.0,1.0,1.0,"([50, 100], [0.6900143400478564, 8.9675497383037e-5, 0.00014277667215159334, 0.0002607463108846802])"
2,130,20,Gaussian,BIC_20,76.34198093414307,1.0,1.0,1.0,"([50, 100], [0.6899848597615771, 8.947803136461982e-5, 0.00014155957235851915, 0.0002592026488237743])"
2,130,100,Gaussian,BIC_20,13.735899925231934,NaN,0.0,NaN,"(Int64[], [0.6899701247102004, 8.745332679003738e-5])"
2,130,0,Uniform,BIC_20,68.65815782546997,1.0,1.0,1.0,"([50, 100], [0.6900476360095297, 8.941854468422352e-5, 0.00014127134556929936, 0.0002581554681687265])"
2,130,1,Uniform,BIC_20,70.566232919693,1.0,1.0,1.0,"([50, 100], [0.6900105138960423, 8.945439840036889e-5, 0.00014097371212775644, 0.0002561058200116685])"
2,130,10,Uniform,BIC_20,74.45481896400452,0.6666666666666666,1.0,0.8,"([10, 50, 100], [0.6900197930392377, 9.223613542850949e-5, 8.873989355417686e-5, 0.0001357077671789467, 0.00024169681980679188])"
2,130,20,Uniform,BIC_20,69.61527395248413,1.0,1.0,1.0,"([50, 100], [0.690012780430944, 8.950864106463253e-5, 0.00014169140141836285, 0.00026094124287109405])"
2,130,100,Uniform,BIC_20,23.2706139087677,NaN,0.0,NaN,"(Int64[], [0.6884537978177068, 8.894692350388736e-5])"
2,130,0,Gaussian,BIC_30,68.81405591964722,1.0,1.0,1.0,"([50, 100], [0.6900476360095297, 8.941854468422352e-5, 0.00014127134556929936, 0.0002581554681687265])"
2,130,1,Gaussian,BIC_30,70.90792608261108,1.0,1.0,1.0,"([50, 100], [0.6900196794316884, 8.945476146010897e-5, 0.00014097261494499863, 0.0002560407731013615])"
2,130,10,Gaussian,BIC_30,68.74779510498047,1.0,1.0,1.0,"([50, 100], [0.6900143400478564, 8.9675497383037e-5, 0.00014277667215159334, 0.0002607463108846802])"
2,130,20,Gaussian,BIC_30,76.38239312171936,1.0,1.0,1.0,"([50, 100], [0.6899848597615771, 8.947803136461982e-5, 0.00014155957235851915, 0.0002592026488237743])"
2,130,100,Gaussian,BIC_30,13.801528930664062,NaN,0.0,NaN,"(Int64[], [0.6899701247102004, 8.745332679003738e-5])"
2,130,0,Uniform,BIC_30,68.67108607292175,1.0,1.0,1.0,"([50, 100], [0.6900476360095297, 8.941854468422352e-5, 0.00014127134556929936, 0.0002581554681687265])"
2,130,1,Uniform,BIC_30,70.53003096580505,1.0,1.0,1.0,"([50, 100], [0.6900105138960423, 8.945439840036889e-5, 0.00014097371212775644, 0.0002561058200116685])"
2,130,10,Uniform,BIC_30,74.30351305007935,0.6666666666666666,1.0,0.8,"([10, 50, 100], [0.6900197930392377, 9.223613542850949e-5, 8.873989355417686e-5, 0.0001357077671789467, 0.00024169681980679188])"
2,130,20,Uniform,BIC_30,69.25324892997742,1.0,1.0,1.0,"([50, 100], [0.690012780430944, 8.950864106463253e-5, 0.00014169140141836285, 0.00026094124287109405])"
2,130,100,Uniform,BIC_30,23.243911027908325,NaN,0.0,NaN,"(Int64[], [0.6884537978177068, 8.894692350388736e-5])"
2,130,30,Gaussian,BIC_100,20.07717800140381,NaN,0.0,NaN,"(Int64[], [0.6896963632710699, 8.779609422144867e-5])"
2,130,40,Gaussian,BIC_100,26.040580987930298,NaN,0.0,NaN,"(Int64[], [0.6897291743009077, 8.769492654312452e-5])"
2,130,30,Uniform,BIC_100,24.158442974090576,NaN,0.0,NaN,"(Int64[], [0.6893657343655067, 8.837337200197624e-5])"
2,130,40,Uniform,BIC_100,24.263200044631958,NaN,0.0,NaN,"(Int64[], [0.6885314212556309, 8.833725472511159e-5])"
1,160,30,Gaussian,BIC_0,51.79901480674744,1.0,1.0,1.0,"([50], [0.6900248157669697, 8.928695694369583e-5, 0.00013934207217901099])"
1,160,40,Gaussian,BIC_0,66.68380498886108,1.0,1.0,1.0,"([50], [0.6900189882500308, 8.913915698597016e-5, 0.00013875466007548835])"
1,160,30,Uniform,BIC_0,97.59639883041382,0.5,1.0,0.6666666666666666,"([50, 60], [0.690032035828591, 8.941030067731918e-5, 0.0001376624917032573, 0.00014630539871031282])"
1,160,40,Uniform,BIC_0,95.37446594238281,0.5,1.0,0.6666666666666666,"([50, 60], [0.6900819126196142, 8.960850308792839e-5, 0.00014005524099336048, 0.00014974768078056204])"
1,160,30,Gaussian,BIC_1,51.716163873672485,1.0,1.0,1.0,"([50], [0.6900248157669697, 8.928695694369583e-5, 0.00013934207217901099])"
1,160,40,Gaussian,BIC_1,66.5104730129242,1.0,1.0,1.0,"([50], [0.6900189882500308, 8.913915698597016e-5, 0.00013875466007548835])"
1,160,30,Uniform,BIC_1,97.57903599739075,0.5,1.0,0.6666666666666666,"([50, 60], [0.690032035828591, 8.941030067731918e-5, 0.0001376624917032573, 0.00014630539871031282])"
1,160,40,Uniform,BIC_1,95.25811004638672,0.5,1.0,0.6666666666666666,"([50, 60], [0.6900819126196142, 8.960850308792839e-5, 0.00014005524099336048, 0.00014974768078056204])"
1,160,30,Gaussian,BIC_10,51.776987075805664,1.0,1.0,1.0,"([50], [0.6900248157669697, 8.928695694369583e-5, 0.00013934207217901099])"
1,160,40,Gaussian,BIC_10,66.62814497947693,1.0,1.0,1.0,"([50], [0.6900189882500308, 8.913915698597016e-5, 0.00013875466007548835])"
1,160,30,Uniform,BIC_10,97.6148419380188,0.5,1.0,0.6666666666666666,"([50, 60], [0.690032035828591, 8.941030067731918e-5, 0.0001376624917032573, 0.00014630539871031282])"
1,160,40,Uniform,BIC_10,95.28497004508972,0.5,1.0,0.6666666666666666,"([50, 60], [0.6900819126196142, 8.960850308792839e-5, 0.00014005524099336048, 0.00014974768078056204])"
1,160,0,Gaussian,BIC_20,97.6466269493103,0.5,1.0,0.6666666666666666,"([50, 60], [0.6900715425106546, 8.91376712789135e-5, 0.00013632071308376215, 0.00013921492535317267])"
1,160,1,Gaussian,BIC_20,107.17732501029968,0.5,1.0,0.6666666666666666,"([50, 60], [0.6900815616427645, 8.924853793621545e-5, 0.000136364324532443, 0.00013763106973894794])"
1,160,10,Gaussian,BIC_20,68.79167699813843,1.0,1.0,1.0,"([50], [0.6900190816940776, 8.912572467539707e-5, 0.0001367975233591414])"
1,160,20,Gaussian,BIC_20,58.43101501464844,1.0,1.0,1.0,"([50], [0.69001963787895, 8.912935868742708e-5, 0.00013735845021858075])"
1,160,100,Gaussian,BIC_20,25.135377168655396,NaN,0.0,NaN,"(Int64[], [0.6895090679239658, 8.754363857969392e-5])"
1,160,0,Uniform,BIC_20,97.5257670879364,0.5,1.0,0.6666666666666666,"([50, 60], [0.6900715425106546, 8.91376712789135e-5, 0.00013632071308376215, 0.00013921492535317267])"
1,160,1,Uniform,BIC_20,105.94426822662354,0.5,1.0,0.6666666666666666,"([50, 60], [0.6901388319791599, 8.915739543812697e-5, 0.00013621847458958154, 0.00013959463792782582])"
1,160,10,Uniform,BIC_20,66.8140389919281,1.0,1.0,1.0,"([50], [0.6900768114435952, 8.923686063424703e-5, 0.0001378861025828849])"
1,160,20,Uniform,BIC_20,89.8432891368866,0.5,1.0,0.6666666666666666,"([50, 60], [0.6900420641734647, 8.919361706697931e-5, 0.00013521480126140037, 0.00014319855042921616])"
1,160,100,Uniform,BIC_20,61.88161087036133,1.0,1.0,1.0,"([50], [0.6900453461925767, 9.01242003910792e-5, 0.00014985879390501345])"
1,160,0,Gaussian,BIC_30,97.53609800338745,0.5,1.0,0.6666666666666666,"([50, 60], [0.6900715425106546, 8.91376712789135e-5, 0.00013632071308376215, 0.00013921492535317267])"
1,160,1,Gaussian,BIC_30,107.13962388038635,0.5,1.0,0.6666666666666666,"([50, 60], [0.6900815616427645, 8.924853793621545e-5, 0.000136364324532443, 0.00013763106973894794])"
1,160,10,Gaussian,BIC_30,68.749990940094,1.0,1.0,1.0,"([50], [0.6900190816940776, 8.912572467539707e-5, 0.0001367975233591414])"
1,160,20,Gaussian,BIC_30,58.435028076171875,1.0,1.0,1.0,"([50], [0.69001963787895, 8.912935868742708e-5, 0.00013735845021858075])"
1,160,100,Gaussian,BIC_30,25.117487907409668,NaN,0.0,NaN,"(Int64[], [0.6895090679239658, 8.754363857969392e-5])"
1,160,0,Uniform,BIC_30,97.39594602584839,0.5,1.0,0.6666666666666666,"([50, 60], [0.6900715425106546, 8.91376712789135e-5, 0.00013632071308376215, 0.00013921492535317267])"
1,160,1,Uniform,BIC_30,106.13668894767761,0.5,1.0,0.6666666666666666,"([50, 60], [0.6901388319791599, 8.915739543812697e-5, 0.00013621847458958154, 0.00013959463792782582])"
1,160,10,Uniform,BIC_30,66.62556099891663,1.0,1.0,1.0,"([50], [0.6900768114435952, 8.923686063424703e-5, 0.0001378861025828849])"
1,160,20,Uniform,BIC_30,89.5245430469513,0.5,1.0,0.6666666666666666,"([50, 60], [0.6900420641734647, 8.919361706697931e-5, 0.00013521480126140037, 0.00014319855042921616])"
1,160,100,Uniform,BIC_30,22.540129899978638,NaN,0.0,NaN,"(Int64[], [0.6884537979604997, 8.894692348526777e-5])"
1,160,30,Gaussian,BIC_100,25.09463596343994,NaN,0.0,NaN,"(Int64[], [0.6898853034170047, 8.782345819374265e-5])"
1,160,40,Gaussian,BIC_100,27.907992839813232,NaN,0.0,NaN,"(Int64[], [0.689939542792214, 8.773581804632584e-5])"
1,160,30,Uniform,BIC_100,25.893699884414673,NaN,0.0,NaN,"(Int64[], [0.6893692645150441, 8.837340158579969e-5])"
1,160,40,Uniform,BIC_100,31.500432014465332,NaN,0.0,NaN,"(Int64[], [0.6885314212556309, 8.833725472511159e-5])"
2,160,30,Gaussian,BIC_0,65.3300359249115,1.0,0.5,0.6666666666666666,"([50], [0.690003660897017, 8.89498028340896e-5, 0.00013644502614303613])"
2,160,40,Gaussian,BIC_0,61.93151593208313,1.0,0.5,0.6666666666666666,"([50], [0.6900211280369155, 8.897130089778591e-5, 0.0001371891107327776])"
2,160,30,Uniform,BIC_0,103.01133489608765,1.0,1.0,1.0,"([50, 100], [0.6899858443968638, 9.043021088472589e-5, 0.00014864416589760327, 0.00027436682311030876])"
2,160,40,Uniform,BIC_0,113.04495000839233,1.0,1.0,1.0,"([50, 100], [0.6900198822006696, 8.949333563998371e-5, 0.00014160339477202414, 0.00025992288161676873])"
2,160,30,Gaussian,BIC_1,65.4616711139679,1.0,0.5,0.6666666666666666,"([50], [0.690003660897017, 8.89498028340896e-5, 0.00013644502614303613])"
2,160,40,Gaussian,BIC_1,61.91586780548096,1.0,0.5,0.6666666666666666,"([50], [0.6900211280369155, 8.897130089778591e-5, 0.0001371891107327776])"
2,160,30,Uniform,BIC_1,103.00712203979492,1.0,1.0,1.0,"([50, 100], [0.6899858443968638, 9.043021088472589e-5, 0.00014864416589760327, 0.00027436682311030876])"
2,160,40,Uniform,BIC_1,112.64513397216797,1.0,1.0,1.0,"([50, 100], [0.6900198822006696, 8.949333563998371e-5, 0.00014160339477202414, 0.00025992288161676873])"
2,160,30,Gaussian,BIC_10,65.57657098770142,1.0,0.5,0.6666666666666666,"([50], [0.690003660897017, 8.89498028340896e-5, 0.00013644502614303613])"
2,160,40,Gaussian,BIC_10,25.804872035980225,NaN,0.0,NaN,"(Int64[], [0.6897291743009077, 8.769492654312452e-5])"
2,160,30,Uniform,BIC_10,103.24383783340454,1.0,1.0,1.0,"([50, 100], [0.6899858443968638, 9.043021088472589e-5, 0.00014864416589760327, 0.00027436682311030876])"
2,160,40,Uniform,BIC_10,112.59344720840454,1.0,1.0,1.0,"([50, 100], [0.6900198822006696, 8.949333563998371e-5, 0.00014160339477202414, 0.00025992288161676873])"
2,160,0,Gaussian,BIC_20,131.0229468345642,0.5,1.0,0.6666666666666666,"([40, 50, 100, 150], [0.6900545353324332, 8.901305271651415e-5, 8.247054194043609e-5, 0.00013362423860563757, 0.000236847236475278, 0.00016892350307914951])"
2,160,1,Gaussian,BIC_20,128.40461707115173,0.6666666666666666,1.0,0.8,"([50, 100, 150], [0.6905379177797724, 8.90955681293522e-5, 0.00013594246766138895, 0.00024049493641742614, 0.0001070427162935267])"
2,160,10,Gaussian,BIC_20,118.77328181266785,0.6666666666666666,1.0,0.8,"([50, 100, 110], [0.6901832170251269, 8.94607429092162e-5, 0.00013990859552409903, 0.00025545617327297256, 0.00025285066191265917])"
2,160,20,Gaussian,BIC_20,87.49768209457397,1.0,1.0,1.0,"([50, 100], [0.6900038457538933, 8.975467021613709e-5, 0.0001411584654265967, 0.0002502744255185632])"
2,160,100,Gaussian,BIC_20,21.444576025009155,NaN,0.0,NaN,"(Int64[], [0.6899699514397054, 8.74531502038824e-5])"
2,160,0,Uniform,BIC_20,130.9607138633728,0.5,1.0,0.6666666666666666,"([40, 50, 100, 150], [0.6900545353324332, 8.901305271651415e-5, 8.247054194043609e-5, 0.00013362423860563757, 0.000236847236475278, 0.00016892350307914951])"
2,160,1,Uniform,BIC_20,111.21984195709229,0.6666666666666666,1.0,0.8,"([50, 100, 150], [0.6901870270676286, 8.903887132668903e-5, 0.0001358470883582194, 0.00024074064768936552, 0.00011615476598935757])"
2,160,10,Uniform,BIC_20,121.66230201721191,0.6666666666666666,1.0,0.8,"([50, 100, 150], [0.6899943935363189, 8.918602992264225e-5, 0.0001381986714518455, 0.0002487577129027993, 9.368620394626016e-5])"
2,160,20,Uniform,BIC_20,125.16607713699341,0.6666666666666666,1.0,0.8,"([50, 100, 150], [0.6897104141896382, 8.921332395696904e-5, 0.00013825340683278918, 0.0002485220951931178, 0.00013621435001841037])"
2,160,100,Uniform,BIC_20,23.57590889930725,NaN,0.0,NaN,"(Int64[], [0.6884537975778369, 8.894692353912207e-5])"
2,160,0,Gaussian,BIC_30,131.13930010795593,0.5,1.0,0.6666666666666666,"([40, 50, 100, 150], [0.6900545353324332, 8.901305271651415e-5, 8.247054194043609e-5, 0.00013362423860563757, 0.000236847236475278, 0.00016892350307914951])"
2,160,1,Gaussian,BIC_30,128.77239894866943,0.6666666666666666,1.0,0.8,"([50, 100, 150], [0.6905379177797724, 8.90955681293522e-5, 0.00013594246766138895, 0.00024049493641742614, 0.0001070427162935267])"
2,160,10,Gaussian,BIC_30,118.80034112930298,0.6666666666666666,1.0,0.8,"([50, 100, 110], [0.6901832170251269, 8.94607429092162e-5, 0.00013990859552409903, 0.00025545617327297256, 0.00025285066191265917])"
2,160,20,Gaussian,BIC_30,22.678030967712402,NaN,0.0,NaN,"(Int64[], [0.6897216473417419, 8.78787517770138e-5])"
2,160,100,Gaussian,BIC_30,21.435739040374756,NaN,0.0,NaN,"(Int64[], [0.6899699514397054, 8.74531502038824e-5])"
2,160,0,Uniform,BIC_30,130.98829889297485,0.5,1.0,0.6666666666666666,"([40, 50, 100, 150], [0.6900545353324332, 8.901305271651415e-5, 8.247054194043609e-5, 0.00013362423860563757, 0.000236847236475278, 0.00016892350307914951])"
2,160,1,Uniform,BIC_30,111.20499610900879,0.6666666666666666,1.0,0.8,"([50, 100, 150], [0.6901870270676286, 8.903887132668903e-5, 0.0001358470883582194, 0.00024074064768936552, 0.00011615476598935757])"
2,160,10,Uniform,BIC_30,121.91620707511902,0.6666666666666666,1.0,0.8,"([50, 100, 150], [0.6899943935363189, 8.918602992264225e-5, 0.0001381986714518455, 0.0002487577129027993, 9.368620394626016e-5])"
2,160,20,Uniform,BIC_30,125.56126403808594,0.6666666666666666,1.0,0.8,"([50, 100, 150], [0.6897104141896382, 8.921332395696904e-5, 0.00013825340683278918, 0.0002485220951931178, 0.00013621435001841037])"
2,160,100,Uniform,BIC_30,23.690953969955444,NaN,0.0,NaN,"(Int64[], [0.6884537975778369, 8.894692353912207e-5])"
2,160,30,Gaussian,BIC_100,27.14440894126892,NaN,0.0,NaN,"(Int64[], [0.6896963632624578, 8.779609422144401e-5])"
2,160,40,Gaussian,BIC_100,25.952316999435425,NaN,0.0,NaN,"(Int64[], [0.6897291743009077, 8.769492654312452e-5])"
2,160,30,Uniform,BIC_100,30.913914918899536,NaN,0.0,NaN,"(Int64[], [0.6893657343655067, 8.837337200197624e-5])"
2,160,40,Uniform,BIC_100,36.93829393386841,NaN,0.0,NaN,"(Int64[], [0.6885314212556309, 8.833725472511159e-5])"
3,160,30,Gaussian,BIC_0,67.27245497703552,1.0,0.3333333333333333,0.5,"([50], [0.6899984744521871, 8.895875344881999e-5, 0.00013654270585878786])"
3,160,40,Gaussian,BIC_0,59.64391899108887,1.0,0.3333333333333333,0.5,"([50], [0.6899791474709216, 8.895886425744003e-5, 0.0001370638150374428])"
3,160,30,Uniform,BIC_0,92.82919812202454,1.0,0.6666666666666666,0.8,"([50, 100], [0.6899806471013653, 9.032412364867165e-5, 0.00014866654761337773, 0.00027652358041164044])"
3,160,40,Uniform,BIC_0,96.595144033432,1.0,0.6666666666666666,0.8,"([50, 100], [0.6900167005408946, 8.962915363996018e-5, 0.00014252801397248238, 0.0002614406439675548])"
3,160,30,Gaussian,BIC_1,67.285404920578,1.0,0.3333333333333333,0.5,"([50], [0.6899984744521871, 8.895875344881999e-5, 0.00013654270585878786])"
3,160,40,Gaussian,BIC_1,59.69707918167114,1.0,0.3333333333333333,0.5,"([50], [0.6899791474709216, 8.895886425744003e-5, 0.0001370638150374428])"
3,160,30,Uniform,BIC_1,92.70030498504639,1.0,0.6666666666666666,0.8,"([50, 100], [0.6899806471013653, 9.032412364867165e-5, 0.00014866654761337773, 0.00027652358041164044])"
3,160,40,Uniform,BIC_1,96.12433505058289,1.0,0.6666666666666666,0.8,"([50, 100], [0.6900167005408946, 8.962915363996018e-5, 0.00014252801397248238, 0.0002614406439675548])"
3,160,30,Gaussian,BIC_10,67.34082698822021,1.0,0.3333333333333333,0.5,"([50], [0.6899984744521871, 8.895875344881999e-5, 0.00013654270585878786])"
3,160,40,Gaussian,BIC_10,19.354697942733765,NaN,0.0,NaN,"(Int64[], [0.6897291743009077, 8.769492654312452e-5])"
3,160,30,Uniform,BIC_10,92.81796216964722,1.0,0.6666666666666666,0.8,"([50, 100], [0.6899806471013653, 9.032412364867165e-5, 0.00014866654761337773, 0.00027652358041164044])"
3,160,40,Uniform,BIC_10,96.8772919178009,1.0,0.6666666666666666,0.8,"([50, 100], [0.6900167005408946, 8.962915363996018e-5, 0.00014252801397248238, 0.0002614406439675548])"
3,160,0,Gaussian,BIC_20,132.740061044693,0.5,0.6666666666666666,0.5714285714285715,"([50, 100, 130, 140], [0.690001925405525, 8.897429863314452e-5, 0.00013542772441691448, 0.00023951374835951036, 0.00022845642602169707, 0.0002594095576525178])"
3,160,1,Gaussian,BIC_20,99.65113401412964,0.6666666666666666,0.6666666666666666,0.6666666666666666,"([50, 100, 140], [0.6902171224714609, 8.907646266780287e-5, 0.0001364475564003272, 0.00024267424557044277, 0.00010187228919959745])"
3,160,10,Gaussian,BIC_20,99.06363606452942,1.0,0.6666666666666666,0.8,"([50, 100], [0.6900014896583027, 8.928670106352407e-5, 0.00013777243467373042, 0.00024428735174319456])"
3,160,20,Gaussian,BIC_20,116.43018913269043,1.0,1.0,1.0,"([50, 100, 150], [0.6900792812054835, 8.918787716381748e-5, 0.00013697913294281912, 0.0002431483452694701, 0.00023696218480154474])"
3,160,100,Gaussian,BIC_20,26.767397165298462,NaN,0.0,NaN,"(Int64[], [0.6899701328385396, 8.74535599410313e-5])"
3,160,0,Uniform,BIC_20,131.26566004753113,0.5,0.6666666666666666,0.5714285714285715,"([50, 100, 130, 140], [0.690001925405525, 8.897429863314452e-5, 0.00013542772441691448, 0.00023951374835951036, 0.00022845642602169707, 0.0002594095576525178])"
3,160,1,Uniform,BIC_20,126.88281202316284,0.6666666666666666,0.6666666666666666,0.6666666666666666,"([50, 100, 140], [0.6901908248653355, 8.90339234493878e-5, 0.00013570834182800252, 0.0002401601651786637, 0.00010822604713058733])"
3,160,10,Uniform,BIC_20,134.07867193222046,0.5,0.6666666666666666,0.5714285714285715,"([50, 100, 130, 140], [0.690012167583489, 8.915915408706161e-5, 0.00013759996987984305, 0.0002472223955349759, 0.0002452162861861933, 0.00018747217158263986])"
3,160,20,Uniform,BIC_20,113.75930094718933,0.6666666666666666,0.6666666666666666,0.6666666666666666,"([50, 100, 110], [0.690102407724737, 8.965136813594955e-5, 0.00013998845747670738, 0.00024310972837338714, 0.0002535895598528791])"
3,160,100,Uniform,BIC_20,23.83933186531067,NaN,0.0,NaN,"(Int64[], [0.6884537975778369, 8.894692353912207e-5])"
3,160,0,Gaussian,BIC_30,131.34442400932312,0.5,0.6666666666666666,0.5714285714285715,"([50, 100, 130, 140], [0.690001925405525, 8.897429863314452e-5, 0.00013542772441691448, 0.00023951374835951036, 0.00022845642602169707, 0.0002594095576525178])"
3,160,1,Gaussian,BIC_30,99.77377104759216,0.6666666666666666,0.6666666666666666,0.6666666666666666,"([50, 100, 140], [0.6902171224714609, 8.907646266780287e-5, 0.0001364475564003272, 0.00024267424557044277, 0.00010187228919959745])"
3,160,10,Gaussian,BIC_30,99.14628982543945,1.0,0.6666666666666666,0.8,"([50, 100], [0.6900014896583027, 8.928670106352407e-5, 0.00013777243467373042, 0.00024428735174319456])"
3,160,20,Gaussian,BIC_30,27.259361028671265,NaN,0.0,NaN,"(Int64[], [0.6897216473417419, 8.78787517770138e-5])"
3,160,100,Gaussian,BIC_30,26.69164800643921,NaN,0.0,NaN,"(Int64[], [0.6899701328385396, 8.74535599410313e-5])"
3,160,0,Uniform,BIC_30,131.18766903877258,0.5,0.6666666666666666,0.5714285714285715,"([50, 100, 130, 140], [0.690001925405525, 8.897429863314452e-5, 0.00013542772441691448, 0.00023951374835951036, 0.00022845642602169707, 0.0002594095576525178])"
3,160,1,Uniform,BIC_30,126.94664597511292,0.6666666666666666,0.6666666666666666,0.6666666666666666,"([50, 100, 140], [0.6901908248653355, 8.90339234493878e-5, 0.00013570834182800252, 0.0002401601651786637, 0.00010822604713058733])"
3,160,10,Uniform,BIC_30,134.66117191314697,0.5,0.6666666666666666,0.5714285714285715,"([50, 100, 130, 140], [0.690012167583489, 8.915915408706161e-5, 0.00013759996987984305, 0.0002472223955349759, 0.0002452162861861933, 0.00018747217158263986])"
3,160,20,Uniform,BIC_30,114.43587803840637,0.6666666666666666,0.6666666666666666,0.6666666666666666,"([50, 100, 110], [0.690102407724737, 8.965136813594955e-5, 0.00013998845747670738, 0.00024310972837338714, 0.0002535895598528791])"
3,160,100,Uniform,BIC_30,23.772637128829956,NaN,0.0,NaN,"(Int64[], [0.6884537975778369, 8.894692353912207e-5])"
3,160,30,Gaussian,BIC_100,25.07527995109558,NaN,0.0,NaN,"(Int64[], [0.6896963632624578, 8.779609422144401e-5])"
3,160,40,Gaussian,BIC_100,19.68113899230957,NaN,0.0,NaN,"(Int64[], [0.6897291743009077, 8.769492654312452e-5])"
3,160,30,Uniform,BIC_100,26.332428216934204,NaN,0.0,NaN,"(Int64[], [0.6893657343655067, 8.837337200197624e-5])"
3,160,40,Uniform,BIC_100,24.87392807006836,NaN,0.0,NaN,"(Int64[], [0.6885314212556309, 8.833725472511159e-5])"
1,200,30,Gaussian,BIC_0,72.70496010780334,1.0,1.0,1.0,"([50], [0.6900931113842382, 8.906334902433188e-5, 0.0001372588062833406])"
1,200,40,Gaussian,BIC_0,71.75924611091614,1.0,1.0,1.0,"([50], [0.6900489379738162, 8.8951207767809e-5, 0.00013659951461567456])"
1,200,30,Uniform,BIC_0,89.67555689811707,1.0,1.0,1.0,"([50], [0.6900901706761965, 8.949565773725947e-5, 0.00014124228007751365])"
1,200,40,Uniform,BIC_0,119.65572381019592,0.5,1.0,0.6666666666666666,"([50, 60], [0.6899573839810905, 8.942544948818363e-5, 0.0001384241965789512, 0.00014799170045136118])"
1,200,30,Gaussian,BIC_1,72.61792182922363,1.0,1.0,1.0,"([50], [0.6900931113842382, 8.906334902433188e-5, 0.0001372588062833406])"
1,200,40,Gaussian,BIC_1,71.76203203201294,1.0,1.0,1.0,"([50], [0.6900489379738162, 8.8951207767809e-5, 0.00013659951461567456])"
1,200,30,Uniform,BIC_1,89.77107620239258,1.0,1.0,1.0,"([50], [0.6900901706761965, 8.949565773725947e-5, 0.00014124228007751365])"
1,200,40,Uniform,BIC_1,120.04520297050476,0.5,1.0,0.6666666666666666,"([50, 60], [0.6899573839810905, 8.942544948818363e-5, 0.0001384241965789512, 0.00014799170045136118])"
1,200,30,Gaussian,BIC_10,72.48466300964355,1.0,1.0,1.0,"([50], [0.6900931113842382, 8.906334902433188e-5, 0.0001372588062833406])"
1,200,40,Gaussian,BIC_10,71.5878369808197,1.0,1.0,1.0,"([50], [0.6900489379738162, 8.8951207767809e-5, 0.00013659951461567456])"
1,200,30,Uniform,BIC_10,90.29483413696289,1.0,1.0,1.0,"([50], [0.6900901706761965, 8.949565773725947e-5, 0.00014124228007751365])"
1,200,40,Uniform,BIC_10,119.50934600830078,0.5,1.0,0.6666666666666666,"([50, 60], [0.6899573839810905, 8.942544948818363e-5, 0.0001384241965789512, 0.00014799170045136118])"
1,200,0,Gaussian,BIC_20,138.1760060787201,0.5,1.0,0.6666666666666666,"([50, 60], [0.6900715425106546, 8.91376712789135e-5, 0.00013632071308376215, 0.00013921492535317267])"
1,200,1,Gaussian,BIC_20,101.2285840511322,0.3333333333333333,1.0,0.5,"([10, 40, 50], [0.6902994982839787, 9.248403137071762e-5, 8.855690583392471e-5, 8.343502535003613e-5, 0.0001312444808569584])"
1,200,10,Gaussian,BIC_20,91.1722800731659,1.0,1.0,1.0,"([50], [0.6902459255016672, 8.911673640294812e-5, 0.0001365000107434959])"
1,200,20,Gaussian,BIC_20,73.04932808876038,1.0,1.0,1.0,"([50], [0.6900815612028486, 8.909091882740533e-5, 0.00013698403928973977])"
1,200,100,Gaussian,BIC_20,27.822337865829468,NaN,0.0,NaN,"(Int64[], [0.6895090679239658, 8.754363857969392e-5])"
1,200,0,Uniform,BIC_20,139.9670388698578,0.5,1.0,0.6666666666666666,"([50, 60], [0.6900715425106546, 8.91376712789135e-5, 0.00013632071308376215, 0.00013921492535317267])"
1,200,1,Uniform,BIC_20,161.44139909744263,0.3333333333333333,1.0,0.5,"([50, 60, 190], [0.6905826322335485, 8.91167195513392e-5, 0.00013558302258394014, 0.00013911938974832307, 0.00021254449573249233])"
1,200,10,Uniform,BIC_20,87.8526828289032,1.0,1.0,1.0,"([50], [0.6900952985128961, 8.919885624026579e-5, 0.00013748216552784466])"
1,200,20,Uniform,BIC_20,129.16005992889404,0.5,1.0,0.6666666666666666,"([50, 60], [0.6900410718921809, 8.918207102823038e-5, 0.00013501931627315776, 0.00014316552284243284])"
1,200,100,Uniform,BIC_20,28.623115062713623,NaN,0.0,NaN,"(Int64[], [0.6884537979604997, 8.894692348526777e-5])"
1,200,0,Gaussian,BIC_30,138.2470531463623,0.5,1.0,0.6666666666666666,"([50, 60], [0.6900715425106546, 8.91376712789135e-5, 0.00013632071308376215, 0.00013921492535317267])"
1,200,1,Gaussian,BIC_30,100.49969005584717,0.3333333333333333,1.0,0.5,"([10, 40, 50], [0.6902994982839787, 9.248403137071762e-5, 8.855690583392471e-5, 8.343502535003613e-5, 0.0001312444808569584])"
1,200,10,Gaussian,BIC_30,91.2845048904419,1.0,1.0,1.0,"([50], [0.6902459255016672, 8.911673640294812e-5, 0.0001365000107434959])"
1,200,20,Gaussian,BIC_30,72.71213889122009,1.0,1.0,1.0,"([50], [0.6900815612028486, 8.909091882740533e-5, 0.00013698403928973977])"
1,200,100,Gaussian,BIC_30,28.134047985076904,NaN,0.0,NaN,"(Int64[], [0.6895090679239658, 8.754363857969392e-5])"
1,200,0,Uniform,BIC_30,139.26110291481018,0.5,1.0,0.6666666666666666,"([50, 60], [0.6900715425106546, 8.91376712789135e-5, 0.00013632071308376215, 0.00013921492535317267])"
1,200,1,Uniform,BIC_30,162.8559980392456,0.3333333333333333,1.0,0.5,"([50, 60, 190], [0.6905826322335485, 8.91167195513392e-5, 0.00013558302258394014, 0.00013911938974832307, 0.00021254449573249233])"
1,200,10,Uniform,BIC_30,87.86731100082397,1.0,1.0,1.0,"([50], [0.6900952985128961, 8.919885624026579e-5, 0.00013748216552784466])"
1,200,20,Uniform,BIC_30,128.5014579296112,0.5,1.0,0.6666666666666666,"([50, 60], [0.6900410718921809, 8.918207102823038e-5, 0.00013501931627315776, 0.00014316552284243284])"
1,200,100,Uniform,BIC_30,28.518938064575195,NaN,0.0,NaN,"(Int64[], [0.6884537979604997, 8.894692348526777e-5])"
1,200,30,Gaussian,BIC_100,33.2598819732666,NaN,0.0,NaN,"(Int64[], [0.6898853034170047, 8.782345819374265e-5])"
1,200,40,Gaussian,BIC_100,34.131757974624634,NaN,0.0,NaN,"(Int64[], [0.689939542792214, 8.773581804632584e-5])"
1,200,30,Uniform,BIC_100,38.64863395690918,NaN,0.0,NaN,"(Int64[], [0.6893692645150441, 8.837340158579969e-5])"
1,200,40,Uniform,BIC_100,36.61769199371338,NaN,0.0,NaN,"(Int64[], [0.6885314212556309, 8.833725472511159e-5])"
2,200,30,Gaussian,BIC_0,84.97937417030334,1.0,0.5,0.6666666666666666,"([50], [0.6900343508383435, 8.89512336138063e-5, 0.0001364180751343438])"
2,200,40,Gaussian,BIC_0,126.71224403381348,1.0,1.0,1.0,"([50, 100], [0.6899965989260117, 8.919422347589045e-5, 0.00013972098402387364, 0.0002553250317742167])"
2,200,30,Uniform,BIC_0,138.93507480621338,1.0,1.0,1.0,"([50, 100], [0.6900096372029739, 8.971754015767638e-5, 0.00014623434694944242, 0.0002791294898229369])"
2,200,40,Uniform,BIC_0,136.03747987747192,1.0,1.0,1.0,"([50, 100], [0.6900163235278344, 8.94997414525255e-5, 0.00014163196723888043, 0.0002599161725413017])"
2,200,30,Gaussian,BIC_1,85.5622022151947,1.0,0.5,0.6666666666666666,"([50], [0.6900343508383435, 8.89512336138063e-5, 0.0001364180751343438])"
2,200,40,Gaussian,BIC_1,126.64070796966553,1.0,1.0,1.0,"([50, 100], [0.6899965989260117, 8.919422347589045e-5, 0.00013972098402387364, 0.0002553250317742167])"
2,200,30,Uniform,BIC_1,137.90996098518372,1.0,1.0,1.0,"([50, 100], [0.6900096372029739, 8.971754015767638e-5, 0.00014623434694944242, 0.0002791294898229369])"
2,200,40,Uniform,BIC_1,137.21985292434692,1.0,1.0,1.0,"([50, 100], [0.6900163235278344, 8.94997414525255e-5, 0.00014163196723888043, 0.0002599161725413017])"
2,200,30,Gaussian,BIC_10,86.71232509613037,1.0,0.5,0.6666666666666666,"([50], [0.6900343508383435, 8.89512336138063e-5, 0.0001364180751343438])"
2,200,40,Gaussian,BIC_10,33.39542603492737,NaN,0.0,NaN,"(Int64[], [0.6897291743009077, 8.769492654312452e-5])"
2,200,30,Uniform,BIC_10,138.91459608078003,1.0,1.0,1.0,"([50, 100], [0.6900096372029739, 8.971754015767638e-5, 0.00014623434694944242, 0.0002791294898229369])"
2,200,40,Uniform,BIC_10,137.0926959514618,1.0,1.0,1.0,"([50, 100], [0.6900163235278344, 8.94997414525255e-5, 0.00014163196723888043, 0.0002599161725413017])"
2,200,0,Gaussian,BIC_20,236.90786004066467,0.5,1.0,0.6666666666666666,"([50, 100, 160, 190], [0.6900287438037327, 8.907208154610284e-5, 0.00013673006369742857, 0.0002437833370278837, 0.00018858347695617042, 0.0001643627442501693])"
2,200,1,Gaussian,BIC_20,191.68097805976868,0.6666666666666666,1.0,0.8,"([50, 100, 150], [0.690446405092752, 8.907901560849054e-5, 0.00013589551470347965, 0.00024044422991208173, 0.0001308016100192773])"
2,200,10,Gaussian,BIC_20,127.06117510795593,1.0,1.0,1.0,"([50, 100], [0.6900854922730766, 8.902383665801514e-5, 0.00013563474165094493, 0.0002399062935081041])"
2,200,20,Gaussian,BIC_20,157.6432819366455,0.6666666666666666,1.0,0.8,"([50, 100, 190], [0.6901089076890633, 8.916074067528103e-5, 0.0001373094724716024, 0.00024493940352574104, 0.00010125912024467621])"
2,200,100,Gaussian,BIC_20,29.27479910850525,NaN,0.0,NaN,"(Int64[], [0.6899699514397054, 8.74531502038824e-5])"
2,200,0,Uniform,BIC_20,236.23385000228882,0.5,1.0,0.6666666666666666,"([50, 100, 160, 190], [0.6900287438037327, 8.907208154610284e-5, 0.00013673006369742857, 0.0002437833370278837, 0.00018858347695617042, 0.0001643627442501693])"
2,200,1,Uniform,BIC_20,196.963800907135,0.5,1.0,0.6666666666666666,"([50, 100, 160, 170], [0.6900182764167833, 8.902800855723468e-5, 0.0001363374834051237, 0.00024287593063946277, 0.00019077224711308742, 0.00016541086373880108])"
2,200,10,Uniform,BIC_20,166.40203380584717,0.6666666666666666,1.0,0.8,"([50, 100, 130], [0.6900631902268317, 8.930924962256483e-5, 0.000138769330970896, 0.0002497992154883408, 0.00024843331215345824])"
2,200,20,Uniform,BIC_20,171.12818002700806,0.6666666666666666,1.0,0.8,"([50, 100, 190], [0.6900828454455836, 8.931294639179089e-5, 0.0001387028513928437, 0.00024907078226423863, 0.0003126214641553286])"
2,200,100,Uniform,BIC_20,33.21156287193298,NaN,0.0,NaN,"(Int64[], [0.6884537975778369, 8.894692353912207e-5])"
2,200,0,Gaussian,BIC_30,236.6327519416809,0.5,1.0,0.6666666666666666,"([50, 100, 160, 190], [0.6900287438037327, 8.907208154610284e-5, 0.00013673006369742857, 0.0002437833370278837, 0.00018858347695617042, 0.0001643627442501693])"
2,200,1,Gaussian,BIC_30,193.13709616661072,0.6666666666666666,1.0,0.8,"([50, 100, 150], [0.690446405092752, 8.907901560849054e-5, 0.00013589551470347965, 0.00024044422991208173, 0.0001308016100192773])"
2,200,10,Gaussian,BIC_30,127.19853281974792,1.0,1.0,1.0,"([50, 100], [0.6900854922730766, 8.902383665801514e-5, 0.00013563474165094493, 0.0002399062935081041])"
2,200,20,Gaussian,BIC_30,34.78741121292114,NaN,0.0,NaN,"(Int64[], [0.6897216473417419, 8.78787517770138e-5])"
2,200,100,Gaussian,BIC_30,29.3487708568573,NaN,0.0,NaN,"(Int64[], [0.6899699514397054, 8.74531502038824e-5])"
2,200,0,Uniform,BIC_30,234.20978999137878,0.5,1.0,0.6666666666666666,"([50, 100, 160, 190], [0.6900287438037327, 8.907208154610284e-5, 0.00013673006369742857, 0.0002437833370278837, 0.00018858347695617042, 0.0001643627442501693])"
2,200,1,Uniform,BIC_30,195.87267208099365,0.5,1.0,0.6666666666666666,"([50, 100, 160, 170], [0.6900182764167833, 8.902800855723468e-5, 0.0001363374834051237, 0.00024287593063946277, 0.00019077224711308742, 0.00016541086373880108])"
2,200,10,Uniform,BIC_30,167.10603785514832,0.6666666666666666,1.0,0.8,"([50, 100, 130], [0.6900631902268317, 8.930924962256483e-5, 0.000138769330970896, 0.0002497992154883408, 0.00024843331215345824])"
2,200,20,Uniform,BIC_30,171.9926769733429,0.6666666666666666,1.0,0.8,"([50, 100, 190], [0.6900828454455836, 8.931294639179089e-5, 0.0001387028513928437, 0.00024907078226423863, 0.0003126214641553286])"
2,200,100,Uniform,BIC_30,33.296030044555664,NaN,0.0,NaN,"(Int64[], [0.6884537975778369, 8.894692353912207e-5])"
2,200,30,Gaussian,BIC_100,31.992346048355103,NaN,0.0,NaN,"(Int64[], [0.6896963632624578, 8.779609422144401e-5])"
2,200,40,Gaussian,BIC_100,33.293545961380005,NaN,0.0,NaN,"(Int64[], [0.6897291743009077, 8.769492654312452e-5])"
2,200,30,Uniform,BIC_100,49.60419297218323,NaN,0.0,NaN,"(Int64[], [0.6893657343655067, 8.837337200197624e-5])"
2,200,40,Uniform,BIC_100,40.32742214202881,NaN,0.0,NaN,"(Int64[], [0.6885314212556309, 8.833725472511159e-5])"
3,200,30,Gaussian,BIC_0,126.4549970626831,1.0,0.6666666666666666,0.8,"([50, 100], [0.6900140976182635, 8.965884629283415e-5, 0.00014185541653437224, 0.00025563192130562704])"
3,200,40,Gaussian,BIC_0,42.31346082687378,NaN,0.0,NaN,"(Int64[], [0.6897291743009077, 8.769492654312452e-5])"
3,200,30,Uniform,BIC_0,120.81088709831238,1.0,0.6666666666666666,0.8,"([50, 100], [0.6899500420580585, 8.974343706878839e-5, 0.00014553399197965886, 0.00027544988886743347])"
3,200,40,Uniform,BIC_0,150.45034003257751,1.0,0.6666666666666666,0.8,"([50, 100], [0.6899961856151181, 8.947426203766376e-5, 0.00014017305489039862, 0.00025172843639646345])"
3,200,30,Gaussian,BIC_1,125.73049211502075,1.0,0.6666666666666666,0.8,"([50, 100], [0.6900140976182635, 8.965884629283415e-5, 0.00014185541653437224, 0.00025563192130562704])"
3,200,40,Gaussian,BIC_1,41.80713415145874,NaN,0.0,NaN,"(Int64[], [0.6897291743009077, 8.769492654312452e-5])"
3,200,30,Uniform,BIC_1,119.26906704902649,1.0,0.6666666666666666,0.8,"([50, 100], [0.6899500420580585, 8.974343706878839e-5, 0.00014553399197965886, 0.00027544988886743347])"
3,200,40,Uniform,BIC_1,150.48701095581055,1.0,0.6666666666666666,0.8,"([50, 100], [0.6899961856151181, 8.947426203766376e-5, 0.00014017305489039862, 0.00025172843639646345])"
3,200,30,Gaussian,BIC_10,29.07289409637451,NaN,0.0,NaN,"(Int64[], [0.6896963632624578, 8.779609422144401e-5])"
3,200,40,Gaussian,BIC_10,42.06841421127319,NaN,0.0,NaN,"(Int64[], [0.6897291743009077, 8.769492654312452e-5])"
3,200,30,Uniform,BIC_10,119.7746160030365,1.0,0.6666666666666666,0.8,"([50, 100], [0.6899500420580585, 8.974343706878839e-5, 0.00014553399197965886, 0.00027544988886743347])"
3,200,40,Uniform,BIC_10,153.68411779403687,1.0,0.6666666666666666,0.8,"([50, 100], [0.6899961856151181, 8.947426203766376e-5, 0.00014017305489039862, 0.00025172843639646345])"
3,200,0,Gaussian,BIC_20,185.01624488830566,0.3333333333333333,0.3333333333333333,0.3333333333333333,"([50, 90, 120], [0.6902827682735159, 8.943936018881829e-5, 0.0001390286541211505, 0.00021113958136956908, 0.0002689008230462227])"
3,200,1,Gaussian,BIC_20,199.81483697891235,0.75,1.0,0.8571428571428571,"([50, 100, 150, 180], [0.6900110296860331, 8.880455820526577e-5, 0.0001321725559136299, 0.00022958828555499306, 0.0004338549699025964, 0.0001683977913832427])"
3,200,10,Gaussian,BIC_20,141.08469700813293,1.0,0.6666666666666666,0.8,"([50, 100], [0.6900077185389265, 8.922474371075224e-5, 0.0001378433096245976, 0.00024575745347339445])"
3,200,20,Gaussian,BIC_20,31.782857179641724,NaN,0.0,NaN,"(Int64[], [0.6897216473417419, 8.78787517770138e-5])"
3,200,100,Gaussian,BIC_20,29.75920605659485,NaN,0.0,NaN,"(Int64[], [0.6899701328385396, 8.74535599410313e-5])"
3,200,0,Uniform,BIC_20,186.17373514175415,0.3333333333333333,0.3333333333333333,0.3333333333333333,"([50, 90, 120], [0.6902827682735159, 8.943936018881829e-5, 0.0001390286541211505, 0.00021113958136956908, 0.0002689008230462227])"
3,200,1,Uniform,BIC_20,169.70736479759216,0.3333333333333333,0.3333333333333333,0.3333333333333333,"([50, 90, 120], [0.6902949986343961, 8.943771798903088e-5, 0.00013915212512292317, 0.00021168031331989393, 0.0002698132423014832])"
3,200,10,Uniform,BIC_20,164.5970561504364,0.6666666666666666,0.6666666666666666,0.6666666666666666,"([50, 100, 190], [0.6901485958049768, 8.921050875414077e-5, 0.00013781476410474724, 0.00024669912883450813, 0.00012896732293812677])"
3,200,20,Uniform,BIC_20,118.68146896362305,1.0,0.6666666666666666,0.8,"([50, 100], [0.6899890325433049, 8.935992675070032e-5, 0.00013941415398343007, 0.000251015130302714])"
3,200,100,Uniform,BIC_20,42.238741874694824,NaN,0.0,NaN,"(Int64[], [0.6884537975778369, 8.894692353912207e-5])"
3,200,0,Gaussian,BIC_30,185.41022396087646,0.3333333333333333,0.3333333333333333,0.3333333333333333,"([50, 90, 120], [0.6902827682735159, 8.943936018881829e-5, 0.0001390286541211505, 0.00021113958136956908, 0.0002689008230462227])"
3,200,1,Gaussian,BIC_30,197.1401970386505,0.75,1.0,0.8571428571428571,"([50, 100, 150, 180], [0.6900110296860331, 8.880455820526577e-5, 0.0001321725559136299, 0.00022958828555499306, 0.0004338549699025964, 0.0001683977913832427])"
3,200,10,Gaussian,BIC_30,142.81775403022766,1.0,0.6666666666666666,0.8,"([50, 100], [0.6900077185389265, 8.922474371075224e-5, 0.0001378433096245976, 0.00024575745347339445])"
3,200,20,Gaussian,BIC_30,32.00219798088074,NaN,0.0,NaN,"(Int64[], [0.6897216473417419, 8.78787517770138e-5])"
3,200,100,Gaussian,BIC_30,29.601808071136475,NaN,0.0,NaN,"(Int64[], [0.6899701328385396, 8.74535599410313e-5])"
3,200,0,Uniform,BIC_30,186.2588860988617,0.3333333333333333,0.3333333333333333,0.3333333333333333,"([50, 90, 120], [0.6902827682735159, 8.943936018881829e-5, 0.0001390286541211505, 0.00021113958136956908, 0.0002689008230462227])"
3,200,1,Uniform,BIC_30,170.7453989982605,0.3333333333333333,0.3333333333333333,0.3333333333333333,"([50, 90, 120], [0.6902949986343961, 8.943771798903088e-5, 0.00013915212512292317, 0.00021168031331989393, 0.0002698132423014832])"
3,200,10,Uniform,BIC_30,165.94614481925964,0.6666666666666666,0.6666666666666666,0.6666666666666666,"([50, 100, 190], [0.6901485958049768, 8.921050875414077e-5, 0.00013781476410474724, 0.00024669912883450813, 0.00012896732293812677])"
3,200,20,Uniform,BIC_30,119.44656085968018,1.0,0.6666666666666666,0.8,"([50, 100], [0.6899890325433049, 8.935992675070032e-5, 0.00013941415398343007, 0.000251015130302714])"
3,200,100,Uniform,BIC_30,42.98770093917847,NaN,0.0,NaN,"(Int64[], [0.6884537975778369, 8.894692353912207e-5])"
3,200,30,Gaussian,BIC_100,30.536330938339233,NaN,0.0,NaN,"(Int64[], [0.6896963632624578, 8.779609422144401e-5])"
3,200,40,Gaussian,BIC_100,43.38343596458435,NaN,0.0,NaN,"(Int64[], [0.6897291743009077, 8.769492654312452e-5])"
3,200,30,Uniform,BIC_100,28.01231098175049,NaN,0.0,NaN,"(Int64[], [0.6893657343655067, 8.837337200197624e-5])"
3,200,40,Uniform,BIC_100,41.365931034088135,NaN,0.0,NaN,"(Int64[], [0.6885314212556318, 8.833725472511159e-5])"
1,250,30,Gaussian,BIC_0,114.42473292350769,1.0,1.0,1.0,"([50], [0.6900706999972817, 8.903436783704521e-5, 0.00013711378946841074])"
1,250,40,Gaussian,BIC_0,101.53963899612427,1.0,1.0,1.0,"([50], [0.6900360918364139, 8.899922417327945e-5, 0.00013733077114708612])"
1,250,30,Uniform,BIC_0,180.2269160747528,0.5,1.0,0.6666666666666666,"([50, 60], [0.6901082735350106, 8.938229835760134e-5, 0.000137280654259642, 0.00014684601806848463])"
1,250,40,Uniform,BIC_0,132.03284692764282,1.0,1.0,1.0,"([50], [0.6899823068333298, 8.958446110065442e-5, 0.00014254442356171056])"
1,250,30,Gaussian,BIC_1,116.30131602287292,1.0,1.0,1.0,"([50], [0.6900706999972817, 8.903436783704521e-5, 0.00013711378946841074])"
1,250,40,Gaussian,BIC_1,100.67330002784729,1.0,1.0,1.0,"([50], [0.6900360918364139, 8.899922417327945e-5, 0.00013733077114708612])"
1,250,30,Uniform,BIC_1,182.36296606063843,0.5,1.0,0.6666666666666666,"([50, 60], [0.6901082735350106, 8.938229835760134e-5, 0.000137280654259642, 0.00014684601806848463])"
1,250,40,Uniform,BIC_1,130.69637608528137,1.0,1.0,1.0,"([50], [0.6899823068333298, 8.958446110065442e-5, 0.00014254442356171056])"
1,250,30,Gaussian,BIC_10,116.00570106506348,1.0,1.0,1.0,"([50], [0.6900706999972817, 8.903436783704521e-5, 0.00013711378946841074])"
1,250,40,Gaussian,BIC_10,100.33618116378784,1.0,1.0,1.0,"([50], [0.6900360918364139, 8.899922417327945e-5, 0.00013733077114708612])"
1,250,30,Uniform,BIC_10,183.75772905349731,0.5,1.0,0.6666666666666666,"([50, 60], [0.6901082735350106, 8.938229835760134e-5, 0.000137280654259642, 0.00014684601806848463])"
1,250,40,Uniform,BIC_10,132.94815397262573,1.0,1.0,1.0,"([50], [0.6899823068333298, 8.958446110065442e-5, 0.00014254442356171056])"
1,250,0,Gaussian,BIC_20,355.1740520000458,0.25,1.0,0.4,"([50, 60, 110, 130], [0.6901137472088908, 8.907436072154735e-5, 0.00013566916044208363, 0.00013897560707225168, 7.304327883811693e-5, 0.00016817873803678536])"
1,250,1,Gaussian,BIC_20,131.08910989761353,0.5,1.0,0.6666666666666666,"([40, 50], [0.6900956848752902, 8.889775436118237e-5, 8.157764605332748e-5, 0.0001309376272742725])"
1,250,10,Gaussian,BIC_20,108.79241180419922,1.0,1.0,1.0,"([50], [0.6901981678379282, 8.910390787535411e-5, 0.00013653937797603348])"
1,250,20,Gaussian,BIC_20,105.88242197036743,1.0,1.0,1.0,"([50], [0.6900048282166171, 8.905946112925566e-5, 0.0001368292727632644])"
1,250,100,Gaussian,BIC_20,42.968223094940186,NaN,0.0,NaN,"(Int64[], [0.6899704857617682, 8.74542628739046e-5])"
1,250,0,Uniform,BIC_20,354.62809896469116,0.25,1.0,0.4,"([50, 60, 110, 130], [0.6901137472088908, 8.907436072154735e-5, 0.00013566916044208363, 0.00013897560707225168, 7.304327883811693e-5, 0.00016817873803678536])"
1,250,1,Uniform,BIC_20,190.17285013198853,0.5,1.0,0.6666666666666666,"([50, 60], [0.6902704048345845, 8.912040697152674e-5, 0.00013582290537667328, 0.00013930015343330198])"
1,250,10,Uniform,BIC_20,124.41876602172852,1.0,1.0,1.0,"([50], [0.690075296559106, 8.91914127782891e-5, 0.00013743577935586285])"
1,250,20,Uniform,BIC_20,171.72458600997925,0.5,1.0,0.6666666666666666,"([50, 60], [0.6900379893901947, 8.916376643100716e-5, 0.00013490581961897428, 0.00014317845710640036])"
1,250,100,Uniform,BIC_20,48.35809302330017,NaN,0.0,NaN,"(Int64[], [0.6884537979604997, 8.89469234852679e-5])"
1,250,0,Gaussian,BIC_30,357.3274447917938,0.25,1.0,0.4,"([50, 60, 110, 130], [0.6901137472088908, 8.907436072154735e-5, 0.00013566916044208363, 0.00013897560707225168, 7.304327883811693e-5, 0.00016817873803678536])"
1,250,1,Gaussian,BIC_30,133.3729169368744,0.5,1.0,0.6666666666666666,"([40, 50], [0.6900956848752902, 8.889775436118237e-5, 8.157764605332748e-5, 0.0001309376272742725])"
1,250,10,Gaussian,BIC_30,110.55209994316101,1.0,1.0,1.0,"([50], [0.6901981678379282, 8.910390787535411e-5, 0.00013653937797603348])"
1,250,20,Gaussian,BIC_30,110.88845992088318,1.0,1.0,1.0,"([50], [0.6900048282166171, 8.905946112925566e-5, 0.0001368292727632644])"
1,250,100,Gaussian,BIC_30,45.91332983970642,NaN,0.0,NaN,"(Int64[], [0.6899704857617682, 8.74542628739046e-5])"
1,250,0,Uniform,BIC_30,367.4122898578644,0.25,1.0,0.4,"([50, 60, 110, 130], [0.6901137472088908, 8.907436072154735e-5, 0.00013566916044208363, 0.00013897560707225168, 7.304327883811693e-5, 0.00016817873803678536])"
1,250,1,Uniform,BIC_30,189.39594388008118,0.5,1.0,0.6666666666666666,"([50, 60], [0.6902704048345845, 8.912040697152674e-5, 0.00013582290537667328, 0.00013930015343330198])"
1,250,10,Uniform,BIC_30,122.63306784629822,1.0,1.0,1.0,"([50], [0.690075296559106, 8.91914127782891e-5, 0.00013743577935586285])"
1,250,20,Uniform,BIC_30,172.87235283851624,0.5,1.0,0.6666666666666666,"([50, 60], [0.6900379893901947, 8.916376643100716e-5, 0.00013490581961897428, 0.00014317845710640036])"
1,250,100,Uniform,BIC_30,48.84713888168335,NaN,0.0,NaN,"(Int64[], [0.6884537979604997, 8.89469234852679e-5])"
1,250,30,Gaussian,BIC_100,58.39248013496399,NaN,0.0,NaN,"(Int64[], [0.6894085643461761, 8.774853603241831e-5])"
1,250,40,Gaussian,BIC_100,48.96575999259949,NaN,0.0,NaN,"(Int64[], [0.6897346828022707, 8.769054186321007e-5])"
1,250,30,Uniform,BIC_100,57.97293281555176,NaN,0.0,NaN,"(Int64[], [0.6893692645150441, 8.837340158579975e-5])"
1,250,40,Uniform,BIC_100,55.22829794883728,NaN,0.0,NaN,"(Int64[], [0.6885314212556309, 8.833725472511159e-5])"
2,250,30,Gaussian,BIC_0,207.6852250099182,1.0,1.0,1.0,"([50, 100], [0.6899939811752812, 8.920529300010498e-5, 0.00013907098247277992, 0.00025237083164511353])"
2,250,40,Gaussian,BIC_0,46.037205934524536,NaN,0.0,NaN,"(Int64[], [0.6897291743009077, 8.769492654312452e-5])"
2,250,30,Uniform,BIC_0,189.10750818252563,1.0,1.0,1.0,"([50, 100], [0.6899984426525373, 8.943986721662082e-5, 0.0001406273338916006, 0.0002558795146610075])"
2,250,40,Uniform,BIC_0,191.7327220439911,1.0,1.0,1.0,"([50, 100], [0.6900176532977247, 8.963073076009728e-5, 0.00014253361580086811, 0.0002614219279087419])"
2,250,30,Gaussian,BIC_1,214.23755383491516,1.0,1.0,1.0,"([50, 100], [0.6899939811752812, 8.920529300010498e-5, 0.00013907098247277992, 0.00025237083164511353])"
2,250,40,Gaussian,BIC_1,45.31453490257263,NaN,0.0,NaN,"(Int64[], [0.6897291743009077, 8.769492654312452e-5])"
2,250,30,Uniform,BIC_1,193.60406494140625,1.0,1.0,1.0,"([50, 100], [0.6899984426525373, 8.943986721662082e-5, 0.0001406273338916006, 0.0002558795146610075])"
2,250,40,Uniform,BIC_1,193.1463499069214,1.0,1.0,1.0,"([50, 100], [0.6900176532977247, 8.963073076009728e-5, 0.00014253361580086811, 0.0002614219279087419])"
2,250,30,Gaussian,BIC_10,208.73466992378235,1.0,1.0,1.0,"([50, 100], [0.6899939811752812, 8.920529300010498e-5, 0.00013907098247277992, 0.00025237083164511353])"
2,250,40,Gaussian,BIC_10,52.275240898132324,NaN,0.0,NaN,"(Int64[], [0.6897291743009077, 8.769492654312452e-5])"
2,250,30,Uniform,BIC_10,196.81274390220642,1.0,1.0,1.0,"([50, 100], [0.6899984426525373, 8.943986721662082e-5, 0.0001406273338916006, 0.0002558795146610075])"
2,250,40,Uniform,BIC_10,193.374351978302,1.0,1.0,1.0,"([50, 100], [0.6900176532977247, 8.963073076009728e-5, 0.00014253361580086811, 0.0002614219279087419])"
2,250,0,Gaussian,BIC_20,265.1691288948059,0.6666666666666666,1.0,0.8,"([50, 100, 150], [0.6901994932795036, 8.902248569366332e-5, 0.00013561860892938047, 0.00023999050721760105, 0.00010904501814692553])"
2,250,1,Gaussian,BIC_20,283.35783219337463,0.6666666666666666,1.0,0.8,"([50, 100, 150], [0.690426934020652, 8.908122665131489e-5, 0.00013591259097301247, 0.0002405394529381746, 0.00010597335952824349])"
2,250,10,Gaussian,BIC_20,211.38368797302246,1.0,1.0,1.0,"([50, 100], [0.6901415845513094, 8.905256853612015e-5, 0.00013556905170924118, 0.00023926638424206565])"
2,250,20,Gaussian,BIC_20,256.00091886520386,0.6666666666666666,1.0,0.8,"([50, 100, 240], [0.6900400646692679, 8.923615143996449e-5, 0.00013842496724458556, 0.0002486312497130984, 0.00010384434252370054])"
2,250,100,Gaussian,BIC_20,51.044636964797974,NaN,0.0,NaN,"(Int64[], [0.6899701328385396, 8.74535599410313e-5])"
2,250,0,Uniform,BIC_20,258.2219250202179,0.6666666666666666,1.0,0.8,"([50, 100, 150], [0.6901994932795036, 8.902248569366332e-5, 0.00013561860892938047, 0.00023999050721760105, 0.00010904501814692553])"
2,250,1,Uniform,BIC_20,233.5183789730072,0.6666666666666666,1.0,0.8,"([50, 100, 150], [0.69031078154873, 8.904081090131444e-5, 0.00013579887715300075, 0.00024061575823123893, 0.00013523602330886984])"
2,250,10,Uniform,BIC_20,241.73573899269104,0.6666666666666666,1.0,0.8,"([50, 100, 240], [0.6900751720156191, 8.922187581347824e-5, 0.0001372062696745039, 0.00024321077508349, 9.751036820990543e-5])"
2,250,20,Uniform,BIC_20,248.34375286102295,0.6666666666666666,1.0,0.8,"([50, 100, 240], [0.6901339245136511, 8.922808411160508e-5, 0.0001374804326589783, 0.00024512310187470293, 3.391796586072572e-5])"
2,250,100,Uniform,BIC_20,48.8542799949646,NaN,0.0,NaN,"(Int64[], [0.6884537975778369, 8.894692353912207e-5])"
2,250,0,Gaussian,BIC_30,252.8552360534668,0.6666666666666666,1.0,0.8,"([50, 100, 150], [0.6901994932795036, 8.902248569366332e-5, 0.00013561860892938047, 0.00023999050721760105, 0.00010904501814692553])"
2,250,1,Gaussian,BIC_30,262.54510498046875,0.6666666666666666,1.0,0.8,"([50, 100, 150], [0.690426934020652, 8.908122665131489e-5, 0.00013591259097301247, 0.0002405394529381746, 0.00010597335952824349])"
2,250,10,Gaussian,BIC_30,195.11953592300415,1.0,1.0,1.0,"([50, 100], [0.6901415845513094, 8.905256853612015e-5, 0.00013556905170924118, 0.00023926638424206565])"
2,250,20,Gaussian,BIC_30,52.87682104110718,NaN,0.0,NaN,"(Int64[], [0.6897216473417419, 8.78787517770138e-5])"
2,250,100,Gaussian,BIC_30,49.876062870025635,NaN,0.0,NaN,"(Int64[], [0.6899701328385396, 8.74535599410313e-5])"
2,250,0,Uniform,BIC_30,256.7038459777832,0.6666666666666666,1.0,0.8,"([50, 100, 150], [0.6901994932795036, 8.902248569366332e-5, 0.00013561860892938047, 0.00023999050721760105, 0.00010904501814692553])"
2,250,1,Uniform,BIC_30,240.44544792175293,0.6666666666666666,1.0,0.8,"([50, 100, 150], [0.69031078154873, 8.904081090131444e-5, 0.00013579887715300075, 0.00024061575823123893, 0.00013523602330886984])"
2,250,10,Uniform,BIC_30,248.35340094566345,0.6666666666666666,1.0,0.8,"([50, 100, 240], [0.6900751720156191, 8.922187581347824e-5, 0.0001372062696745039, 0.00024321077508349, 9.751036820990543e-5])"
2,250,20,Uniform,BIC_30,256.8664162158966,0.6666666666666666,1.0,0.8,"([50, 100, 240], [0.6901339245136511, 8.922808411160508e-5, 0.0001374804326589783, 0.00024512310187470293, 3.391796586072572e-5])"
2,250,100,Uniform,BIC_30,63.512572050094604,NaN,0.0,NaN,"(Int64[], [0.6884537975778369, 8.894692353912207e-5])"
2,250,30,Gaussian,BIC_100,56.21429705619812,NaN,0.0,NaN,"(Int64[], [0.6896963632624578, 8.779609422144401e-5])"
2,250,40,Gaussian,BIC_100,48.092583894729614,NaN,0.0,NaN,"(Int64[], [0.6897291743009077, 8.769492654312452e-5])"
2,250,30,Uniform,BIC_100,66.339684009552,NaN,0.0,NaN,"(Int64[], [0.6893657343655067, 8.837337200197624e-5])"
2,250,40,Uniform,BIC_100,58.4745979309082,NaN,0.0,NaN,"(Int64[], [0.6885314212556309, 8.833725472511159e-5])"
3,250,30,Gaussian,BIC_0,124.46193599700928,1.0,0.3333333333333333,0.5,"([50], [0.6898663404308164, 8.86710527683808e-5, 0.000132264980892375])"
3,250,40,Gaussian,BIC_0,59.06719708442688,NaN,0.0,NaN,"(Int64[], [0.6897291743009077, 8.769492654312452e-5])"
3,250,30,Uniform,BIC_0,207.27519607543945,1.0,0.6666666666666666,0.8,"([50, 100], [0.689993384821447, 9.021876472145486e-5, 0.00014792331875125494, 0.0002751146908558799])"
3,250,40,Uniform,BIC_0,218.58764696121216,1.0,0.6666666666666666,0.8,"([50, 100], [0.689995306838979, 8.950497648008169e-5, 0.00014026439262196058, 0.00025158249170470303])"
3,250,30,Gaussian,BIC_1,120.75778818130493,1.0,0.3333333333333333,0.5,"([50], [0.6898663404308164, 8.86710527683808e-5, 0.000132264980892375])"
3,250,40,Gaussian,BIC_1,61.76567888259888,NaN,0.0,NaN,"(Int64[], [0.6897291743009077, 8.769492654312452e-5])"
3,250,30,Uniform,BIC_1,220.39102792739868,1.0,0.6666666666666666,0.8,"([50, 100], [0.689993384821447, 9.021876472145486e-5, 0.00014792331875125494, 0.0002751146908558799])"
3,250,40,Uniform,BIC_1,221.24038887023926,1.0,0.6666666666666666,0.8,"([50, 100], [0.689995306838979, 8.950497648008169e-5, 0.00014026439262196058, 0.00025158249170470303])"
3,250,30,Gaussian,BIC_10,51.332826137542725,NaN,0.0,NaN,"(Int64[], [0.6896963632624578, 8.779609422144401e-5])"
3,250,40,Gaussian,BIC_10,55.818608045578,NaN,0.0,NaN,"(Int64[], [0.6897291743009077, 8.769492654312452e-5])"
3,250,30,Uniform,BIC_10,206.54143118858337,1.0,0.6666666666666666,0.8,"([50, 100], [0.689993384821447, 9.021876472145486e-5, 0.00014792331875125494, 0.0002751146908558799])"
3,250,40,Uniform,BIC_10,225.15518999099731,1.0,0.6666666666666666,0.8,"([50, 100], [0.689995306838979, 8.950497648008169e-5, 0.00014026439262196058, 0.00025158249170470303])"
3,250,0,Gaussian,BIC_20,396.9803409576416,0.25,0.3333333333333333,0.28571428571428575,"([50, 90, 120, 190], [0.6899924568257344, 8.90522064619367e-5, 0.00013607059013682977, 0.00020673335372996585, 0.0002597167947946995, 0.00016883664058900223])"
3,250,1,Gaussian,BIC_20,407.22604489326477,0.6,1.0,0.7499999999999999,"([50, 100, 140, 150, 240], [0.6897589348585331, 8.901580788987281e-5, 0.00013830668601248585, 0.00025152371524459, 0.00022325186127471783, 0.0004892429609225475, 0.00019170707683624188])"
3,250,10,Gaussian,BIC_20,226.65008306503296,1.0,0.6666666666666666,0.8,"([50, 100], [0.6900084556983879, 8.922527801210448e-5, 0.0001378435386005839, 0.0002457415867728241])"
3,250,20,Gaussian,BIC_20,49.61347007751465,NaN,0.0,NaN,"(Int64[], [0.6897216473417419, 8.78787517770138e-5])"
3,250,100,Gaussian,BIC_20,47.607465982437134,NaN,0.0,NaN,"(Int64[], [0.6899701328385396, 8.74535599410313e-5])"
3,250,0,Uniform,BIC_20,368.86167192459106,0.25,0.3333333333333333,0.28571428571428575,"([50, 90, 120, 190], [0.6899924568257344, 8.90522064619367e-5, 0.00013607059013682977, 0.00020673335372996585, 0.0002597167947946995, 0.00016883664058900223])"
3,250,1,Uniform,BIC_20,313.3714509010315,0.3333333333333333,0.3333333333333333,0.3333333333333333,"([50, 90, 120], [0.6902949986343961, 8.943771798903088e-5, 0.00013915212512292317, 0.00021168031331989393, 0.0002698132423014832])"
3,250,10,Uniform,BIC_20,322.5735070705414,0.6666666666666666,0.6666666666666666,0.6666666666666666,"([50, 100, 240], [0.6901457395176316, 8.922396843489335e-5, 0.00013790357556584413, 0.0002468559286610752, 0.0001299338867142964])"
3,250,20,Uniform,BIC_20,222.31787610054016,1.0,0.6666666666666666,0.8,"([50, 100], [0.6899893510740615, 8.935879243281065e-5, 0.00013942113009168895, 0.0002510619899856035])"
3,250,100,Uniform,BIC_20,61.62888503074646,NaN,0.0,NaN,"(Int64[], [0.6884537975778369, 8.894692353912207e-5])"
3,250,0,Gaussian,BIC_30,365.5529019832611,0.25,0.3333333333333333,0.28571428571428575,"([50, 90, 120, 190], [0.6899924568257344, 8.90522064619367e-5, 0.00013607059013682977, 0.00020673335372996585, 0.0002597167947946995, 0.00016883664058900223])"
3,250,1,Gaussian,BIC_30,382.55987787246704,0.6,1.0,0.7499999999999999,"([50, 100, 140, 150, 240], [0.6897589348585331, 8.901580788987281e-5, 0.00013830668601248585, 0.00025152371524459, 0.00022325186127471783, 0.0004892429609225475, 0.00019170707683624188])"
3,250,10,Gaussian,BIC_30,231.54787397384644,1.0,0.6666666666666666,0.8,"([50, 100], [0.6900084556983879, 8.922527801210448e-5, 0.0001378435386005839, 0.0002457415867728241])"
3,250,20,Gaussian,BIC_30,54.037529945373535,NaN,0.0,NaN,"(Int64[], [0.6897216473417419, 8.78787517770138e-5])"
3,250,100,Gaussian,BIC_30,49.63862895965576,NaN,0.0,NaN,"(Int64[], [0.6899701328385396, 8.74535599410313e-5])"
3,250,0,Uniform,BIC_30,362.4391829967499,0.25,0.3333333333333333,0.28571428571428575,"([50, 90, 120, 190], [0.6899924568257344, 8.90522064619367e-5, 0.00013607059013682977, 0.00020673335372996585, 0.0002597167947946995, 0.00016883664058900223])"
3,250,1,Uniform,BIC_30,304.2250690460205,0.3333333333333333,0.3333333333333333,0.3333333333333333,"([50, 90, 120], [0.6902949986343961, 8.943771798903088e-5, 0.00013915212512292317, 0.00021168031331989393, 0.0002698132423014832])"
3,250,10,Uniform,BIC_30,313.9224989414215,0.6666666666666666,0.6666666666666666,0.6666666666666666,"([50, 100, 240], [0.6901457395176316, 8.922396843489335e-5, 0.00013790357556584413, 0.0002468559286610752, 0.0001299338867142964])"
3,250,20,Uniform,BIC_30,204.77469992637634,1.0,0.6666666666666666,0.8,"([50, 100], [0.6899893510740615, 8.935879243281065e-5, 0.00013942113009168895, 0.0002510619899856035])"
3,250,100,Uniform,BIC_30,61.146366119384766,NaN,0.0,NaN,"(Int64[], [0.6884537975778369, 8.894692353912207e-5])"
3,250,30,Gaussian,BIC_100,52.47757411003113,NaN,0.0,NaN,"(Int64[], [0.6896963632624578, 8.779609422144401e-5])"
3,250,40,Gaussian,BIC_100,54.53925800323486,NaN,0.0,NaN,"(Int64[], [0.6897291743009077, 8.769492654312452e-5])"
3,250,30,Uniform,BIC_100,58.26768493652344,NaN,0.0,NaN,"(Int64[], [0.6893657343655067, 8.837337200197624e-5])"
3,250,40,Uniform,BIC_100,54.541576862335205,NaN,0.0,NaN,"(Int64[], [0.6885314212556318, 8.833725472511159e-5])"
