date,A0004,A0514,A1534,A3559,A6079,A80,total
2020-03-01,0.0,0.0,18.0,24.0,6.0,0.0,48.0
2020-03-02,0.0,0.0,22.0,30.0,6.0,0.0,58.0
2020-03-03,0.0,0.0,32.0,46.0,14.0,2.0,94.0
2020-03-04,0.0,0.0,36.0,66.0,26.0,2.0,130.0
2020-03-05,0.0,0.0,38.0,80.0,34.0,4.0,156.0
2020-03-06,0.0,0.0,40.0,104.0,34.0,8.0,186.0
2020-03-07,2.0,6.0,46.0,142.0,54.0,18.0,268.0
2020-03-08,2.0,6.0,52.0,150.0,72.0,18.0,300.0
2020-03-09,4.0,6.0,48.0,162.0,76.0,22.0,318.0
2020-03-10,4.0,6.0,46.0,182.0,90.0,34.0,362.0
2020-03-11,4.0,8.0,60.0,212.0,110.0,48.0,442.0
2020-03-12,6.0,8.0,68.0,232.0,156.0,54.0,524.0
2020-03-13,6.0,10.0,72.0,284.0,198.0,68.0,638.0
2020-03-14,4.0,4.0,84.0,360.0,234.0,90.0,776.0
2020-03-15,6.0,4.0,96.0,414.0,256.0,116.0,892.0
2020-03-16,4.0,4.0,106.0,466.0,306.0,156.0,1042.0
2020-03-17,4.0,8.0,124.0,576.0,450.0,194.0,1356.0
2020-03-18,4.0,8.0,134.0,678.0,596.0,276.0,1696.0
2020-03-19,14.0,8.0,164.0,872.0,778.0,396.0,2232.0
2020-03-20,16.0,8.0,216.0,1014.0,1014.0,512.0,2780.0
2020-03-21,16.0,10.0,266.0,1132.0,1256.0,672.0,3352.0
2020-03-22,24.0,10.0,278.0,1312.0,1518.0,856.0,3998.0
2020-03-23,28.0,12.0,290.0,1430.0,1720.0,952.0,4432.0
2020-03-24,36.0,12.0,328.0,1562.0,1992.0,1114.0,5044.0
2020-03-25,50.0,18.0,380.0,1776.0,2408.0,1330.0,5962.0
2020-03-26,46.0,28.0,436.0,1986.0,2854.0,1592.0,6942.0
2020-03-27,52.0,28.0,442.0,2196.0,3308.0,1892.0,7918.0
2020-03-28,62.0,26.0,456.0,2432.0,3766.0,2154.0,8896.0
2020-03-29,60.0,30.0,482.0,2604.0,4174.0,2350.0,9700.0
2020-03-30,64.0,30.0,518.0,2704.0,4432.0,2516.0,10264.0
2020-03-31,62.0,30.0,530.0,2816.0,4688.0,2800.0,10926.0
2020-04-01,60.0,24.0,566.0,2934.0,5064.0,3144.0,11792.0
2020-04-02,58.0,14.0,560.0,2996.0,5202.0,3406.0,12236.0
2020-04-03,60.0,12.0,586.0,2986.0,5260.0,3590.0,12494.0
2020-04-04,60.0,24.0,620.0,2932.0,5280.0,3762.0,12678.0
2020-04-05,60.0,28.0,614.0,2824.0,5102.0,3820.0,12448.0
2020-04-06,52.0,34.0,604.0,2692.0,4966.0,3838.0,12186.0
2020-04-07,58.0,36.0,624.0,2600.0,4868.0,3856.0,12042.0
2020-04-08,62.0,36.0,584.0,2492.0,4540.0,3832.0,11546.0
2020-04-09,60.0,42.0,562.0,2378.0,4364.0,3816.0,11226.0
2020-04-10,56.0,44.0,522.0,2278.0,4184.0,3792.0,10880.0
2020-04-11,50.0,32.0,454.0,2076.0,3786.0,3542.0,9944.0
2020-04-12,44.0,24.0,448.0,1964.0,3624.0,3490.0,9598.0
2020-04-13,48.0,16.0,448.0,1958.0,3514.0,3482.0,9470.0
2020-04-14,36.0,10.0,384.0,1780.0,3216.0,3288.0,8718.0
2020-04-15,26.0,14.0,366.0,1636.0,3006.0,3078.0,8130.0
2020-04-16,24.0,10.0,364.0,1488.0,2868.0,2974.0,7728.0
2020-04-17,22.0,14.0,368.0,1396.0,2712.0,2784.0,7296.0
2020-04-18,22.0,20.0,390.0,1378.0,2694.0,2788.0,7292.0
2020-04-19,20.0,24.0,394.0,1314.0,2608.0,2644.0,7004.0
2020-04-20,18.0,24.0,374.0,1266.0,2560.0,2516.0,6758.0
2020-04-21,28.0,30.0,412.0,1294.0,2532.0,2530.0,6826.0
2020-04-22,26.0,32.0,402.0,1214.0,2386.0,2408.0,6468.0
2020-04-23,28.0,36.0,400.0,1128.0,2180.0,2208.0,5980.0
2020-04-24,30.0,32.0,400.0,1006.0,1928.0,2048.0,5444.0
2020-04-25,34.0,32.0,376.0,922.0,1794.0,1876.0,5034.0
2020-04-26,40.0,28.0,360.0,896.0,1670.0,1766.0,4760.0
2020-04-27,40.0,30.0,360.0,834.0,1536.0,1662.0,4462.0
2020-04-28,30.0,26.0,320.0,786.0,1490.0,1452.0,4104.0
2020-04-29,30.0,18.0,322.0,770.0,1412.0,1374.0,3926.0
2020-04-30,32.0,14.0,290.0,710.0,1296.0,1190.0,3532.0
2020-05-01,32.0,22.0,276.0,714.0,1272.0,1104.0,3420.0
2020-05-02,36.0,16.0,238.0,648.0,1148.0,994.0,3080.0
2020-05-03,38.0,16.0,228.0,572.0,1062.0,908.0,2824.0
2020-05-04,38.0,16.0,216.0,572.0,1026.0,860.0,2728.0
2020-05-05,42.0,14.0,222.0,542.0,922.0,830.0,2572.0
2020-05-06,40.0,14.0,204.0,516.0,854.0,744.0,2372.0
2020-05-07,36.0,14.0,196.0,516.0,808.0,748.0,2318.0
2020-05-08,36.0,10.0,184.0,484.0,774.0,714.0,2202.0
2020-05-09,26.0,14.0,190.0,498.0,774.0,714.0,2216.0
2020-05-10,22.0,16.0,188.0,504.0,758.0,692.0,2180.0
2020-05-11,20.0,14.0,180.0,482.0,768.0,694.0,2158.0
2020-05-12,20.0,16.0,180.0,486.0,724.0,702.0,2128.0
2020-05-13,20.0,22.0,166.0,450.0,696.0,652.0,2006.0
2020-05-14,20.0,26.0,146.0,426.0,630.0,586.0,1834.0
2020-05-15,14.0,20.0,136.0,388.0,560.0,546.0,1664.0
2020-05-16,12.0,20.0,120.0,372.0,518.0,526.0,1568.0
2020-05-17,10.0,24.0,106.0,352.0,492.0,526.0,1510.0
2020-05-18,14.0,28.0,118.0,356.0,460.0,498.0,1474.0
2020-05-19,16.0,26.0,98.0,304.0,444.0,436.0,1324.0
2020-05-20,16.0,20.0,100.0,284.0,386.0,448.0,1254.0
2020-05-21,14.0,18.0,112.0,272.0,386.0,404.0,1206.0
2020-05-22,14.0,18.0,100.0,250.0,348.0,352.0,1082.0
2020-05-23,14.0,14.0,112.0,244.0,338.0,334.0,1056.0
2020-05-24,12.0,8.0,120.0,236.0,342.0,318.0,1036.0
2020-05-25,8.0,4.0,102.0,234.0,344.0,334.0,1026.0
2020-05-26,4.0,4.0,110.0,250.0,330.0,342.0,1040.0
2020-05-27,2.0,4.0,96.0,254.0,336.0,282.0,974.0
2020-05-28,4.0,0.0,88.0,228.0,320.0,268.0,908.0
2020-05-29,4.0,0.0,90.0,250.0,334.0,278.0,956.0
2020-05-30,4.0,0.0,78.0,238.0,304.0,264.0,888.0
2020-05-31,8.0,0.0,66.0,258.0,290.0,248.0,870.0
2020-06-01,8.0,0.0,76.0,246.0,274.0,234.0,838.0
2020-06-02,6.0,2.0,60.0,222.0,242.0,200.0,732.0
2020-06-03,8.0,2.0,62.0,190.0,216.0,196.0,674.0
2020-06-04,6.0,2.0,70.0,198.0,202.0,202.0,680.0
2020-06-05,6.0,4.0,72.0,190.0,182.0,180.0,634.0
2020-06-06,6.0,4.0,76.0,186.0,186.0,158.0,616.0
2020-06-07,4.0,4.0,86.0,182.0,182.0,156.0,614.0
2020-06-08,6.0,10.0,80.0,188.0,180.0,148.0,612.0
2020-06-09,8.0,8.0,82.0,198.0,178.0,148.0,622.0
2020-06-10,8.0,12.0,80.0,192.0,170.0,138.0,600.0
2020-06-11,12.0,12.0,72.0,178.0,168.0,124.0,566.0
2020-06-12,18.0,12.0,74.0,154.0,150.0,122.0,530.0
2020-06-13,24.0,14.0,88.0,162.0,146.0,130.0,564.0
2020-06-14,22.0,14.0,92.0,160.0,138.0,128.0,554.0
2020-06-15,22.0,10.0,94.0,168.0,140.0,150.0,584.0
2020-06-16,22.0,10.0,94.0,168.0,142.0,158.0,594.0
2020-06-17,20.0,6.0,106.0,198.0,156.0,150.0,636.0
2020-06-18,18.0,6.0,108.0,204.0,134.0,150.0,620.0
2020-06-19,12.0,8.0,106.0,242.0,144.0,142.0,654.0
2020-06-20,8.0,6.0,108.0,254.0,150.0,128.0,654.0
2020-06-21,10.0,8.0,104.0,252.0,156.0,134.0,664.0
2020-06-22,10.0,6.0,104.0,240.0,162.0,124.0,646.0
2020-06-23,8.0,10.0,110.0,242.0,168.0,116.0,654.0
2020-06-24,8.0,16.0,102.0,234.0,162.0,116.0,638.0
2020-06-25,8.0,16.0,106.0,230.0,168.0,118.0,646.0
2020-06-26,12.0,12.0,110.0,208.0,180.0,130.0,654.0
2020-06-27,10.0,12.0,102.0,208.0,178.0,136.0,648.0
2020-06-28,8.0,10.0,94.0,206.0,176.0,122.0,618.0
2020-06-29,6.0,14.0,90.0,210.0,160.0,112.0,594.0
2020-06-30,8.0,12.0,92.0,220.0,158.0,114.0,606.0
2020-07-01,8.0,6.0,94.0,206.0,148.0,120.0,584.0
2020-07-02,8.0,10.0,92.0,192.0,136.0,116.0,556.0
2020-07-03,4.0,10.0,90.0,208.0,112.0,108.0,532.0
2020-07-04,6.0,10.0,100.0,196.0,108.0,102.0,522.0
2020-07-05,6.0,10.0,104.0,186.0,110.0,106.0,522.0
2020-07-06,6.0,8.0,106.0,186.0,110.0,106.0,522.0
2020-07-07,8.0,6.0,102.0,188.0,112.0,92.0,508.0
2020-07-08,8.0,8.0,90.0,194.0,118.0,80.0,498.0
2020-07-09,8.0,6.0,86.0,214.0,140.0,80.0,534.0
2020-07-10,10.0,6.0,86.0,192.0,144.0,84.0,522.0
2020-07-11,12.0,8.0,68.0,190.0,152.0,70.0,500.0
2020-07-12,14.0,10.0,74.0,198.0,152.0,66.0,514.0
2020-07-13,14.0,12.0,72.0,198.0,156.0,64.0,516.0
2020-07-14,10.0,14.0,70.0,192.0,166.0,70.0,522.0
2020-07-15,12.0,12.0,82.0,202.0,158.0,62.0,528.0
2020-07-16,18.0,16.0,88.0,198.0,160.0,64.0,544.0
2020-07-17,20.0,16.0,96.0,208.0,178.0,66.0,584.0
2020-07-18,18.0,14.0,116.0,218.0,176.0,76.0,618.0
2020-07-19,16.0,12.0,112.0,218.0,182.0,86.0,626.0
2020-07-20,18.0,10.0,124.0,212.0,184.0,96.0,644.0
2020-07-21,26.0,10.0,142.0,208.0,184.0,94.0,664.0
2020-07-22,24.0,10.0,134.0,202.0,210.0,106.0,686.0
2020-07-23,18.0,10.0,138.0,202.0,210.0,106.0,684.0
2020-07-24,20.0,12.0,124.0,198.0,206.0,102.0,662.0
2020-07-25,18.0,18.0,110.0,210.0,208.0,104.0,668.0
2020-07-26,22.0,18.0,114.0,226.0,214.0,100.0,694.0
2020-07-27,20.0,16.0,106.0,226.0,210.0,92.0,670.0
2020-07-28,14.0,14.0,94.0,244.0,210.0,110.0,686.0
2020-07-29,14.0,16.0,98.0,264.0,188.0,112.0,692.0
2020-07-30,12.0,10.0,92.0,276.0,210.0,116.0,716.0
2020-07-31,6.0,12.0,100.0,284.0,212.0,126.0,740.0
2020-08-01,8.0,6.0,102.0,280.0,212.0,134.0,742.0
2020-08-02,4.0,6.0,102.0,278.0,204.0,138.0,732.0
2020-08-03,4.0,10.0,96.0,294.0,214.0,156.0,774.0
2020-08-04,2.0,10.0,98.0,306.0,202.0,152.0,770.0
2020-08-05,2.0,10.0,114.0,308.0,228.0,160.0,822.0
2020-08-06,6.0,12.0,118.0,300.0,212.0,158.0,806.0
2020-08-07,6.0,8.0,110.0,310.0,212.0,160.0,806.0
2020-08-08,6.0,10.0,128.0,308.0,228.0,144.0,824.0
2020-08-09,6.0,10.0,136.0,308.0,232.0,144.0,836.0
2020-08-10,8.0,6.0,140.0,298.0,226.0,132.0,810.0
2020-08-11,10.0,10.0,150.0,294.0,246.0,142.0,852.0
2020-08-12,18.0,10.0,148.0,286.0,212.0,138.0,814.0
2020-08-13,16.0,14.0,144.0,300.0,222.0,148.0,846.0
2020-08-14,18.0,20.0,168.0,306.0,224.0,140.0,880.0
2020-08-15,22.0,22.0,158.0,310.0,218.0,160.0,894.0
2020-08-16,22.0,26.0,146.0,296.0,220.0,158.0,872.0
2020-08-17,22.0,26.0,148.0,302.0,234.0,156.0,892.0
2020-08-18,22.0,22.0,148.0,314.0,238.0,144.0,892.0
2020-08-19,18.0,24.0,140.0,330.0,258.0,142.0,914.0
2020-08-20,18.0,22.0,162.0,318.0,242.0,124.0,888.0
2020-08-21,22.0,18.0,164.0,310.0,244.0,126.0,884.0
2020-08-22,18.0,20.0,170.0,324.0,236.0,110.0,878.0
2020-08-23,20.0,22.0,186.0,342.0,226.0,96.0,892.0
2020-08-24,18.0,22.0,186.0,340.0,214.0,90.0,870.0
2020-08-25,18.0,28.0,174.0,336.0,210.0,86.0,852.0
2020-08-26,14.0,28.0,174.0,306.0,218.0,82.0,822.0
2020-08-27,14.0,24.0,156.0,316.0,202.0,82.0,794.0
2020-08-28,10.0,22.0,154.0,322.0,212.0,70.0,790.0
2020-08-29,14.0,16.0,144.0,304.0,208.0,78.0,764.0
2020-08-30,12.0,10.0,132.0,298.0,210.0,80.0,742.0
2020-08-31,12.0,16.0,134.0,302.0,206.0,80.0,750.0
2020-09-01,14.0,12.0,140.0,294.0,198.0,74.0,732.0
2020-09-02,14.0,10.0,144.0,306.0,208.0,70.0,752.0
2020-09-03,12.0,12.0,146.0,296.0,212.0,74.0,752.0
2020-09-04,12.0,14.0,140.0,292.0,206.0,76.0,740.0
2020-09-05,8.0,18.0,146.0,296.0,214.0,72.0,754.0
2020-09-06,8.0,20.0,150.0,302.0,222.0,92.0,794.0
2020-09-07,8.0,14.0,152.0,294.0,240.0,100.0,808.0
2020-09-08,14.0,12.0,150.0,288.0,234.0,112.0,810.0
2020-09-09,16.0,18.0,138.0,272.0,232.0,132.0,808.0
2020-09-10,20.0,18.0,128.0,292.0,246.0,150.0,854.0
2020-09-11,24.0,22.0,120.0,294.0,256.0,172.0,888.0
2020-09-12,24.0,18.0,110.0,282.0,270.0,192.0,896.0
2020-09-13,24.0,22.0,100.0,300.0,282.0,186.0,916.0
2020-09-14,24.0,22.0,100.0,324.0,280.0,196.0,948.0
2020-09-15,16.0,24.0,98.0,354.0,316.0,196.0,1006.0
2020-09-16,18.0,18.0,116.0,386.0,338.0,216.0,1094.0
2020-09-17,14.0,20.0,138.0,400.0,360.0,220.0,1156.0
2020-09-18,12.0,22.0,146.0,454.0,394.0,252.0,1284.0
2020-09-19,16.0,28.0,156.0,500.0,402.0,266.0,1372.0
2020-09-20,16.0,22.0,162.0,482.0,416.0,268.0,1368.0
2020-09-21,16.0,22.0,164.0,474.0,426.0,268.0,1372.0
2020-09-22,16.0,22.0,174.0,478.0,454.0,286.0,1432.0
2020-09-23,12.0,24.0,176.0,472.0,438.0,300.0,1424.0
2020-09-24,16.0,22.0,190.0,468.0,476.0,322.0,1494.0
2020-09-25,16.0,14.0,210.0,472.0,488.0,310.0,1510.0
2020-09-26,14.0,10.0,214.0,462.0,506.0,300.0,1506.0
2020-09-27,14.0,14.0,226.0,480.0,512.0,312.0,1558.0
2020-09-28,18.0,14.0,222.0,482.0,526.0,310.0,1572.0
2020-09-29,22.0,12.0,234.0,490.0,516.0,318.0,1592.0
2020-09-30,28.0,10.0,236.0,504.0,562.0,312.0,1652.0
2020-10-01,30.0,8.0,236.0,522.0,562.0,316.0,1674.0
2020-10-02,30.0,8.0,214.0,516.0,558.0,334.0,1660.0
2020-10-03,32.0,14.0,228.0,520.0,556.0,346.0,1696.0
2020-10-04,32.0,18.0,218.0,556.0,590.0,348.0,1762.0
2020-10-05,30.0,18.0,238.0,564.0,582.0,350.0,1782.0
2020-10-06,32.0,18.0,244.0,626.0,620.0,380.0,1920.0
2020-10-07,36.0,18.0,278.0,696.0,686.0,422.0,2136.0
2020-10-08,34.0,26.0,294.0,796.0,786.0,488.0,2426.0
2020-10-09,36.0,40.0,342.0,866.0,874.0,536.0,2696.0
2020-10-10,40.0,40.0,372.0,926.0,948.0,638.0,2966.0
2020-10-11,40.0,34.0,418.0,958.0,968.0,700.0,3120.0
2020-10-12,40.0,34.0,412.0,1004.0,1022.0,722.0,3236.0
2020-10-13,36.0,40.0,432.0,1022.0,1108.0,816.0,3458.0
2020-10-14,30.0,44.0,442.0,1064.0,1136.0,846.0,3566.0
2020-10-15,36.0,44.0,450.0,1106.0,1238.0,896.0,3774.0
2020-10-16,32.0,38.0,472.0,1210.0,1342.0,954.0,4052.0
2020-10-17,34.0,44.0,484.0,1306.0,1470.0,1016.0,4360.0
2020-10-18,44.0,50.0,498.0,1320.0,1542.0,1068.0,4528.0
2020-10-19,52.0,52.0,550.0,1368.0,1588.0,1122.0,4738.0
2020-10-20,68.0,54.0,588.0,1458.0,1704.0,1202.0,5078.0
2020-10-21,82.0,56.0,588.0,1550.0,1930.0,1396.0,5606.0
2020-10-22,86.0,60.0,662.0,1678.0,2100.0,1624.0,6220.0
2020-10-23,102.0,56.0,734.0,1736.0,2340.0,1856.0,6834.0
2020-10-24,96.0,50.0,794.0,1892.0,2532.0,2046.0,7418.0
2020-10-25,104.0,56.0,852.0,2044.0,2712.0,2200.0,7976.0
2020-10-26,98.0,58.0,866.0,2142.0,2874.0,2302.0,8350.0
2020-10-27,106.0,54.0,894.0,2290.0,3138.0,2522.0,9016.0
2020-10-28,100.0,62.0,1008.0,2494.0,3328.0,2724.0,9730.0
2020-10-29,104.0,64.0,1074.0,2600.0,3610.0,2834.0,10294.0
2020-10-30,106.0,80.0,1062.0,2790.0,3794.0,2942.0,10782.0
2020-10-31,124.0,88.0,1076.0,2932.0,4008.0,3138.0,11374.0
2020-11-01,114.0,92.0,1098.0,3004.0,4126.0,3270.0,11714.0
2020-11-02,126.0,100.0,1110.0,3048.0,4246.0,3402.0,12040.0
2020-11-03,128.0,120.0,1158.0,3158.0,4366.0,3588.0,12524.0
2020-11-04,140.0,118.0,1146.0,3236.0,4574.0,3788.0,13006.0
2020-11-05,134.0,124.0,1130.0,3318.0,4642.0,3948.0,13298.0
2020-11-06,132.0,120.0,1192.0,3390.0,4688.0,4146.0,13674.0
2020-11-07,128.0,122.0,1230.0,3398.0,4740.0,4172.0,13796.0
2020-11-08,132.0,122.0,1186.0,3404.0,4814.0,4178.0,13840.0
2020-11-09,130.0,118.0,1210.0,3444.0,4844.0,4144.0,13894.0
2020-11-10,116.0,116.0,1174.0,3468.0,4878.0,4140.0,13898.0
2020-11-11,120.0,128.0,1178.0,3466.0,4852.0,4158.0,13910.0
2020-11-12,120.0,124.0,1168.0,3482.0,4930.0,4336.0,14172.0
2020-11-13,130.0,128.0,1158.0,3526.0,5102.0,4518.0,14578.0
2020-11-14,124.0,142.0,1162.0,3540.0,5240.0,4708.0,14932.0
2020-11-15,126.0,142.0,1204.0,3604.0,5310.0,4924.0,15328.0
2020-11-16,130.0,140.0,1176.0,3522.0,5272.0,5056.0,15314.0
2020-11-17,130.0,130.0,1226.0,3502.0,5376.0,5212.0,15592.0
2020-11-18,130.0,120.0,1248.0,3608.0,5630.0,5460.0,16212.0
2020-11-19,128.0,122.0,1254.0,3584.0,5682.0,5530.0,16312.0
2020-11-20,118.0,120.0,1272.0,3456.0,5790.0,5644.0,16404.0
2020-11-21,118.0,100.0,1242.0,3468.0,5824.0,5788.0,16544.0
2020-11-22,118.0,108.0,1238.0,3374.0,5820.0,5684.0,16344.0
2020-11-23,108.0,116.0,1228.0,3424.0,5852.0,5706.0,16436.0
2020-11-24,108.0,114.0,1208.0,3404.0,5936.0,5850.0,16622.0
2020-11-25,98.0,116.0,1200.0,3330.0,5866.0,5832.0,16444.0
2020-11-26,126.0,130.0,1200.0,3482.0,5846.0,5970.0,16756.0
2020-11-27,122.0,132.0,1142.0,3566.0,5790.0,5970.0,16724.0
2020-11-28,120.0,146.0,1140.0,3490.0,5750.0,6038.0,16686.0
2020-11-29,120.0,134.0,1152.0,3486.0,5814.0,6180.0,16890.0
2020-11-30,122.0,132.0,1144.0,3464.0,5792.0,6220.0,16878.0
2020-12-01,126.0,128.0,1124.0,3454.0,5742.0,6258.0,16836.0
2020-12-02,132.0,130.0,1152.0,3404.0,5804.0,6478.0,17104.0
2020-12-03,108.0,116.0,1136.0,3306.0,6000.0,6596.0,17268.0
2020-12-04,104.0,124.0,1184.0,3386.0,6144.0,6878.0,17826.0
2020-12-05,106.0,120.0,1220.0,3398.0,6300.0,7112.0,18266.0
2020-12-06,108.0,124.0,1202.0,3418.0,6288.0,7186.0,18336.0
2020-12-07,114.0,124.0,1224.0,3392.0,6444.0,7270.0,18580.0
2020-12-08,122.0,132.0,1240.0,3488.0,6628.0,7492.0,19114.0
2020-12-09,116.0,134.0,1214.0,3628.0,6840.0,7814.0,19756.0
2020-12-10,116.0,142.0,1320.0,3728.0,7034.0,8082.0,20432.0
2020-12-11,136.0,142.0,1342.0,3752.0,7402.0,8328.0,21118.0
2020-12-12,136.0,136.0,1358.0,3848.0,7678.0,8544.0,21712.0
2020-12-13,146.0,132.0,1358.0,3908.0,7922.0,8938.0,22414.0
2020-12-14,138.0,134.0,1358.0,3996.0,7964.0,9154.0,22758.0
2020-12-15,136.0,142.0,1392.0,3978.0,8116.0,9450.0,23228.0
2020-12-16,144.0,142.0,1428.0,4040.0,8318.0,9706.0,23792.0
2020-12-17,152.0,160.0,1384.0,4072.0,8556.0,9988.0,24324.0
2020-12-18,144.0,152.0,1394.0,4198.0,8560.0,10148.0,24604.0
2020-12-19,160.0,166.0,1438.0,4324.0,8684.0,10392.0,25172.0
2020-12-20,156.0,170.0,1434.0,4400.0,8768.0,10364.0,25300.0
2020-12-21,152.0,168.0,1450.0,4432.0,8888.0,10328.0,25422.0
2020-12-22,144.0,164.0,1412.0,4448.0,8980.0,10418.0,25570.0
2020-12-23,140.0,162.0,1402.0,4498.0,9170.0,10648.0,26026.0
2020-12-24,136.0,142.0,1406.0,4548.0,9266.0,10794.0,26308.0
2020-12-25,128.0,138.0,1336.0,4196.0,8664.0,10126.0,24612.0
2020-12-26,112.0,118.0,1188.0,3836.0,7932.0,9220.0,22432.0
2020-12-27,106.0,102.0,1190.0,3732.0,7798.0,9074.0,22028.0
2020-12-28,106.0,98.0,1180.0,3754.0,7902.0,9248.0,22312.0
2020-12-29,118.0,94.0,1232.0,3798.0,7854.0,9248.0,22372.0
2020-12-30,130.0,90.0,1334.0,3912.0,7956.0,9312.0,22760.0
2020-12-31,136.0,84.0,1298.0,3922.0,7876.0,9176.0,22508.0
2021-01-01,142.0,86.0,1288.0,3926.0,7946.0,9280.0,22694.0
2021-01-02,136.0,90.0,1256.0,3856.0,7940.0,9134.0,22436.0
2021-01-03,134.0,98.0,1224.0,3876.0,7886.0,9100.0,22342.0
2021-01-04,146.0,102.0,1232.0,3864.0,7768.0,9032.0,22170.0
2021-01-05,146.0,106.0,1218.0,3784.0,7728.0,8840.0,21844.0
2021-01-06,152.0,102.0,1076.0,3626.0,7532.0,8600.0,21110.0
2021-01-07,140.0,90.0,1086.0,3454.0,7228.0,8414.0,20434.0
2021-01-08,134.0,80.0,1124.0,3628.0,7628.0,8896.0,21492.0
2021-01-09,146.0,80.0,1208.0,3918.0,8324.0,9684.0,23362.0
2021-01-10,146.0,76.0,1238.0,3876.0,8300.0,9712.0,23350.0
2021-01-11,140.0,70.0,1192.0,3718.0,8080.0,9464.0,22664.0
2021-01-12,120.0,70.0,1158.0,3632.0,7888.0,9280.0,22148.0
2021-01-13,102.0,80.0,1162.0,3538.0,7654.0,9048.0,21584.0
2021-01-14,110.0,88.0,1126.0,3506.0,7610.0,8944.0,21384.0
2021-01-15,126.0,90.0,1074.0,3368.0,7420.0,8852.0,20934.0
2021-01-16,124.0,96.0,1090.0,3324.0,7098.0,8706.0,20442.0
2021-01-17,118.0,94.0,1068.0,3284.0,7012.0,8630.0,20212.0
2021-01-18,120.0,96.0,1080.0,3288.0,6982.0,8596.0,20168.0
2021-01-19,120.0,98.0,1008.0,3202.0,6878.0,8426.0,19738.0
2021-01-20,108.0,84.0,986.0,3144.0,6792.0,8244.0,19364.0
2021-01-21,108.0,88.0,960.0,3134.0,6714.0,8216.0,19226.0
2021-01-22,90.0,84.0,948.0,3142.0,6512.0,8008.0,18790.0
2021-01-23,76.0,72.0,874.0,3054.0,6516.0,7756.0,18354.0
2021-01-24,82.0,76.0,858.0,3088.0,6484.0,7682.0,18274.0
2021-01-25,82.0,70.0,832.0,3050.0,6426.0,7516.0,17980.0
2021-01-26,90.0,54.0,856.0,2998.0,6336.0,7390.0,17730.0
2021-01-27,90.0,54.0,834.0,2856.0,6186.0,7116.0,17142.0
2021-01-28,86.0,50.0,808.0,2806.0,6148.0,6868.0,16772.0
2021-01-29,84.0,46.0,814.0,2716.0,6106.0,6534.0,16302.0
2021-01-30,90.0,54.0,858.0,2664.0,5830.0,6384.0,15884.0
2021-01-31,78.0,60.0,830.0,2574.0,5732.0,6120.0,15398.0
2021-02-01,70.0,68.0,810.0,2532.0,5656.0,6086.0,15226.0
2021-02-02,62.0,68.0,754.0,2512.0,5584.0,5914.0,14896.0
2021-02-03,60.0,74.0,752.0,2544.0,5378.0,5752.0,14562.0
2021-02-04,68.0,76.0,760.0,2456.0,5170.0,5450.0,13982.0
2021-02-05,68.0,94.0,728.0,2456.0,5056.0,5424.0,13828.0
2021-02-06,70.0,90.0,708.0,2376.0,4942.0,5248.0,13434.0
2021-02-07,80.0,82.0,702.0,2328.0,4878.0,5224.0,13296.0
2021-02-08,88.0,72.0,718.0,2334.0,4794.0,5118.0,13126.0
2021-02-09,92.0,78.0,746.0,2270.0,4580.0,4918.0,12686.0
2021-02-10,96.0,72.0,702.0,2148.0,4402.0,4660.0,12082.0
2021-02-11,92.0,72.0,684.0,2110.0,4284.0,4460.0,11704.0
2021-02-12,92.0,54.0,640.0,2000.0,4146.0,4156.0,11090.0
2021-02-13,92.0,48.0,608.0,2024.0,4104.0,3946.0,10824.0
2021-02-14,96.0,46.0,614.0,1992.0,3966.0,3770.0,10484.0
2021-02-15,86.0,50.0,612.0,1988.0,3966.0,3822.0,10524.0
2021-02-16,86.0,46.0,602.0,2004.0,3932.0,3748.0,10418.0
2021-02-17,88.0,44.0,590.0,2022.0,4000.0,3718.0,10464.0
2021-02-18,82.0,34.0,574.0,1974.0,3936.0,3684.0,10286.0
2021-02-19,84.0,34.0,614.0,2056.0,3948.0,3606.0,10344.0
2021-02-20,80.0,38.0,614.0,2044.0,3882.0,3558.0,10218.0
2021-02-21,70.0,40.0,626.0,2140.0,4010.0,3550.0,10438.0
2021-02-22,72.0,46.0,618.0,2128.0,4044.0,3416.0,10326.0
2021-02-23,66.0,44.0,612.0,2120.0,4098.0,3368.0,10310.0
2021-02-24,70.0,50.0,640.0,2228.0,3986.0,3202.0,10176.0
2021-02-25,70.0,54.0,662.0,2316.0,3948.0,3114.0,10164.0
2021-02-26,76.0,66.0,674.0,2230.0,3892.0,3068.0,10006.0
2021-02-27,82.0,68.0,660.0,2230.0,3882.0,3052.0,9974.0
2021-02-28,88.0,68.0,664.0,2204.0,3804.0,3048.0,9876.0
2021-03-01,94.0,60.0,660.0,2254.0,3680.0,3022.0,9770.0
2021-03-02,96.0,58.0,660.0,2260.0,3582.0,3004.0,9660.0
2021-03-03,98.0,60.0,660.0,2214.0,3578.0,2972.0,9582.0
2021-03-04,100.0,60.0,660.0,2170.0,3526.0,2856.0,9372.0
2021-03-05,94.0,60.0,660.0,2180.0,3392.0,2768.0,9154.0
2021-03-06,96.0,58.0,710.0,2166.0,3368.0,2630.0,9028.0
2021-03-07,94.0,60.0,718.0,2190.0,3352.0,2564.0,8978.0
2021-03-08,104.0,58.0,710.0,2150.0,3362.0,2558.0,8942.0
2021-03-09,106.0,62.0,708.0,2154.0,3326.0,2462.0,8818.0
2021-03-10,114.0,56.0,730.0,2188.0,3352.0,2424.0,8864.0
2021-03-11,104.0,60.0,742.0,2276.0,3290.0,2460.0,8932.0
2021-03-12,112.0,58.0,782.0,2462.0,3386.0,2476.0,9276.0
2021-03-13,108.0,62.0,760.0,2584.0,3396.0,2558.0,9468.0
2021-03-14,112.0,62.0,786.0,2676.0,3444.0,2606.0,9686.0
2021-03-15,106.0,72.0,824.0,2770.0,3530.0,2608.0,9910.0
2021-03-16,122.0,88.0,880.0,2854.0,3562.0,2692.0,10198.0
2021-03-17,118.0,108.0,894.0,3016.0,3674.0,2708.0,10518.0
2021-03-18,146.0,114.0,948.0,3086.0,3878.0,2638.0,10812.0
2021-03-19,150.0,130.0,924.0,3174.0,4012.0,2620.0,11012.0
2021-03-20,162.0,142.0,946.0,3272.0,4206.0,2630.0,11360.0
2021-03-21,166.0,146.0,970.0,3270.0,4300.0,2570.0,11424.0
2021-03-22,168.0,140.0,976.0,3306.0,4376.0,2636.0,11604.0
2021-03-23,172.0,136.0,988.0,3420.0,4492.0,2618.0,11828.0
2021-03-24,176.0,134.0,1026.0,3514.0,4590.0,2700.0,12142.0
2021-03-25,174.0,156.0,1082.0,3706.0,4704.0,2848.0,12670.0
2021-03-26,184.0,152.0,1154.0,3812.0,4868.0,2894.0,13064.0
2021-03-27,182.0,166.0,1200.0,3896.0,5002.0,2964.0,13410.0
2021-03-28,180.0,176.0,1222.0,4008.0,5058.0,3078.0,13722.0
2021-03-29,188.0,184.0,1254.0,4008.0,5124.0,3090.0,13848.0
2021-03-30,196.0,196.0,1296.0,4064.0,5262.0,3130.0,14144.0
2021-03-31,200.0,204.0,1324.0,4116.0,5364.0,3128.0,14336.0
2021-04-01,194.0,194.0,1304.0,4234.0,5464.0,3128.0,14518.0
2021-04-02,190.0,188.0,1314.0,4296.0,5478.0,3116.0,14582.0
2021-04-03,188.0,162.0,1276.0,4192.0,5310.0,2974.0,14102.0
2021-04-04,198.0,168.0,1260.0,4120.0,5324.0,2878.0,13948.0
2021-04-05,192.0,172.0,1262.0,4178.0,5322.0,2872.0,13998.0
2021-04-06,174.0,152.0,1226.0,4058.0,5164.0,2750.0,13524.0
2021-04-07,164.0,126.0,1210.0,3890.0,5048.0,2738.0,13176.0
2021-04-08,176.0,130.0,1244.0,4114.0,5224.0,2740.0,13630.0
2021-04-09,192.0,140.0,1290.0,4274.0,5354.0,2780.0,14032.0
2021-04-10,220.0,144.0,1422.0,4592.0,5658.0,2832.0,14870.0
2021-04-11,220.0,130.0,1456.0,4728.0,5748.0,2880.0,15164.0
2021-04-12,228.0,134.0,1516.0,4800.0,5748.0,2894.0,15324.0
2021-04-13,234.0,140.0,1576.0,5020.0,6006.0,3008.0,15988.0
2021-04-14,240.0,150.0,1662.0,5254.0,6292.0,2990.0,16594.0
2021-04-15,248.0,154.0,1680.0,5000.0,6236.0,2966.0,16288.0
2021-04-16,226.0,164.0,1654.0,4878.0,6128.0,2966.0,16020.0
2021-04-17,204.0,166.0,1630.0,4790.0,6078.0,2990.0,15862.0
2021-04-18,200.0,176.0,1608.0,4878.0,6048.0,2942.0,15856.0
2021-04-19,188.0,170.0,1554.0,4840.0,6140.0,2932.0,15826.0
2021-04-20,190.0,166.0,1556.0,4920.0,6172.0,2976.0,15982.0
2021-04-21,192.0,194.0,1546.0,5032.0,6176.0,2990.0,16130.0
2021-04-22,166.0,178.0,1532.0,5154.0,6106.0,2946.0,16082.0
2021-04-23,182.0,162.0,1552.0,5246.0,6168.0,2914.0,16224.0
2021-04-24,190.0,180.0,1556.0,5252.0,6180.0,2910.0,16272.0
2021-04-25,190.0,182.0,1612.0,5162.0,6154.0,2938.0,16242.0
2021-04-26,194.0,170.0,1606.0,5168.0,6084.0,2872.0,16098.0
2021-04-27,190.0,176.0,1558.0,5052.0,6002.0,2808.0,15790.0
2021-04-28,196.0,166.0,1504.0,4926.0,5822.0,2650.0,15268.0
2021-04-29,202.0,170.0,1470.0,4778.0,5720.0,2552.0,14896.0
2021-04-30,180.0,174.0,1414.0,4586.0,5548.0,2468.0,14376.0
2021-05-01,164.0,176.0,1368.0,4468.0,5334.0,2432.0,13944.0
2021-05-02,164.0,186.0,1316.0,4444.0,5250.0,2384.0,13746.0
2021-05-03,160.0,206.0,1308.0,4398.0,5156.0,2376.0,13606.0
2021-05-04,174.0,214.0,1320.0,4308.0,5000.0,2276.0,13294.0
2021-05-05,160.0,202.0,1310.0,4180.0,4752.0,2274.0,12880.0
2021-05-06,160.0,212.0,1266.0,4072.0,4598.0,2214.0,12524.0
2021-05-07,162.0,210.0,1232.0,3884.0,4482.0,2170.0,12146.0
2021-05-08,156.0,176.0,1180.0,3762.0,4418.0,2062.0,11760.0
2021-05-09,160.0,148.0,1134.0,3616.0,4282.0,1938.0,11284.0
2021-05-10,164.0,134.0,1126.0,3500.0,4198.0,1938.0,11066.0
2021-05-11,146.0,120.0,1092.0,3398.0,4064.0,1878.0,10704.0
2021-05-12,150.0,114.0,1058.0,3268.0,4002.0,1786.0,10384.0
2021-05-13,152.0,94.0,1034.0,3060.0,3880.0,1738.0,9964.0
2021-05-14,158.0,74.0,984.0,2840.0,3508.0,1550.0,9114.0
2021-05-15,160.0,82.0,936.0,2606.0,3162.0,1430.0,8376.0
2021-05-16,148.0,88.0,910.0,2538.0,3086.0,1466.0,8236.0
2021-05-17,134.0,84.0,920.0,2546.0,3046.0,1430.0,8160.0
2021-05-18,132.0,80.0,884.0,2432.0,2944.0,1396.0,7868.0
2021-05-19,118.0,74.0,878.0,2274.0,2628.0,1310.0,7282.0
2021-05-20,106.0,76.0,862.0,2094.0,2362.0,1234.0,6734.0
2021-05-21,94.0,86.0,840.0,2048.0,2320.0,1216.0,6604.0
2021-05-22,96.0,80.0,824.0,1976.0,2282.0,1220.0,6478.0
2021-05-23,102.0,80.0,788.0,1850.0,2084.0,1096.0,6000.0
2021-05-24,98.0,80.0,724.0,1726.0,1956.0,1024.0,5608.0
2021-05-25,84.0,78.0,652.0,1554.0,1698.0,880.0,4946.0
2021-05-26,82.0,74.0,552.0,1328.0,1544.0,812.0,4392.0
2021-05-27,74.0,60.0,526.0,1292.0,1428.0,734.0,4116.0
2021-05-28,68.0,50.0,488.0,1250.0,1324.0,694.0,3878.0
2021-05-29,58.0,56.0,464.0,1222.0,1188.0,628.0,3620.0
2021-05-30,44.0,46.0,444.0,1168.0,1166.0,630.0,3502.0
2021-05-31,56.0,52.0,424.0,1152.0,1166.0,602.0,3456.0
2021-06-01,54.0,60.0,442.0,1196.0,1164.0,608.0,3528.0
2021-06-02,50.0,58.0,436.0,1180.0,1122.0,560.0,3410.0
2021-06-03,44.0,60.0,378.0,1038.0,988.0,506.0,3016.0
2021-06-04,36.0,66.0,354.0,934.0,896.0,450.0,2736.0
2021-06-05,40.0,54.0,308.0,844.0,800.0,418.0,2466.0
2021-06-06,36.0,56.0,312.0,814.0,730.0,394.0,2344.0
2021-06-07,26.0,48.0,312.0,798.0,698.0,404.0,2288.0
2021-06-08,32.0,46.0,300.0,716.0,676.0,396.0,2168.0
2021-06-09,32.0,48.0,270.0,700.0,614.0,368.0,2034.0
2021-06-10,32.0,50.0,244.0,684.0,556.0,334.0,1902.0
2021-06-11,42.0,42.0,258.0,666.0,540.0,320.0,1870.0
2021-06-12,36.0,48.0,272.0,634.0,524.0,306.0,1820.0
2021-06-13,36.0,44.0,246.0,586.0,492.0,278.0,1682.0
2021-06-14,38.0,44.0,244.0,556.0,482.0,256.0,1620.0
2021-06-15,36.0,36.0,228.0,568.0,436.0,240.0,1544.0
2021-06-16,34.0,28.0,212.0,498.0,390.0,224.0,1386.0
2021-06-17,34.0,22.0,206.0,450.0,360.0,218.0,1290.0
2021-06-18,28.0,22.0,186.0,420.0,324.0,202.0,1182.0
2021-06-19,30.0,14.0,172.0,410.0,312.0,168.0,1106.0
2021-06-20,34.0,18.0,178.0,400.0,300.0,168.0,1098.0
2021-06-21,32.0,16.0,174.0,406.0,272.0,158.0,1058.0
2021-06-22,30.0,16.0,184.0,386.0,254.0,128.0,998.0
2021-06-23,34.0,18.0,196.0,344.0,240.0,124.0,956.0
2021-06-24,34.0,16.0,206.0,326.0,206.0,104.0,892.0
2021-06-25,32.0,14.0,202.0,300.0,196.0,102.0,846.0
2021-06-26,28.0,18.0,192.0,276.0,178.0,106.0,798.0
2021-06-27,24.0,14.0,184.0,256.0,180.0,100.0,758.0
2021-06-28,24.0,14.0,178.0,244.0,176.0,98.0,734.0
2021-06-29,20.0,14.0,158.0,220.0,182.0,100.0,694.0
2021-06-30,12.0,20.0,148.0,210.0,188.0,82.0,660.0
2021-07-01,16.0,24.0,122.0,208.0,194.0,86.0,650.0
2021-07-02,18.0,26.0,122.0,224.0,190.0,84.0,664.0
2021-07-03,16.0,22.0,132.0,226.0,186.0,80.0,662.0
2021-07-04,14.0,20.0,128.0,226.0,176.0,78.0,642.0
2021-07-05,12.0,20.0,130.0,222.0,182.0,76.0,642.0
2021-07-06,10.0,18.0,138.0,246.0,174.0,74.0,660.0
2021-07-07,14.0,10.0,146.0,256.0,166.0,78.0,670.0
2021-07-08,8.0,4.0,158.0,244.0,162.0,84.0,660.0
2021-07-09,4.0,4.0,148.0,226.0,168.0,80.0,630.0
2021-07-10,10.0,8.0,142.0,242.0,178.0,94.0,674.0
2021-07-11,10.0,12.0,150.0,262.0,188.0,106.0,728.0
2021-07-12,12.0,12.0,150.0,260.0,182.0,112.0,728.0
2021-07-13,16.0,12.0,154.0,258.0,184.0,112.0,736.0
2021-07-14,16.0,12.0,160.0,264.0,184.0,116.0,752.0
2021-07-15,16.0,14.0,164.0,290.0,196.0,106.0,786.0
2021-07-16,18.0,12.0,176.0,306.0,182.0,98.0,792.0
2021-07-17,16.0,8.0,192.0,304.0,182.0,94.0,796.0
2021-07-18,18.0,6.0,196.0,298.0,178.0,96.0,792.0
2021-07-19,22.0,6.0,206.0,318.0,182.0,96.0,830.0
2021-07-20,22.0,8.0,240.0,322.0,190.0,116.0,898.0
2021-07-21,22.0,8.0,258.0,350.0,196.0,110.0,944.0
2021-07-22,26.0,6.0,290.0,362.0,200.0,122.0,1006.0
2021-07-23,24.0,8.0,304.0,396.0,224.0,126.0,1082.0
2021-07-24,28.0,8.0,318.0,416.0,234.0,136.0,1142.0
2021-07-25,36.0,14.0,334.0,426.0,246.0,130.0,1188.0
2021-07-26,32.0,16.0,328.0,422.0,248.0,128.0,1176.0
2021-07-27,28.0,20.0,310.0,434.0,242.0,118.0,1154.0
2021-07-28,32.0,30.0,332.0,462.0,262.0,156.0,1276.0
2021-07-29,34.0,36.0,344.0,502.0,288.0,168.0,1374.0
2021-07-30,40.0,38.0,340.0,522.0,298.0,190.0,1430.0
2021-07-31,40.0,42.0,350.0,560.0,326.0,188.0,1506.0
2021-08-01,40.0,38.0,344.0,584.0,324.0,192.0,1522.0
2021-08-02,40.0,42.0,352.0,596.0,354.0,196.0,1580.0
2021-08-03,50.0,40.0,396.0,638.0,394.0,210.0,1728.0
2021-08-04,48.0,36.0,396.0,702.0,390.0,204.0,1776.0
2021-08-05,46.0,32.0,396.0,714.0,384.0,208.0,1780.0
2021-08-06,44.0,36.0,456.0,720.0,386.0,222.0,1864.0
2021-08-07,48.0,38.0,474.0,750.0,378.0,234.0,1922.0
2021-08-08,42.0,46.0,506.0,758.0,404.0,248.0,2004.0
2021-08-09,44.0,44.0,520.0,774.0,388.0,252.0,2022.0
2021-08-10,50.0,50.0,524.0,822.0,418.0,254.0,2118.0
2021-08-11,56.0,60.0,564.0,920.0,468.0,254.0,2322.0
2021-08-12,72.0,66.0,610.0,1034.0,524.0,278.0,2584.0
2021-08-13,92.0,74.0,650.0,1136.0,594.0,294.0,2842.0
2021-08-14,90.0,80.0,708.0,1224.0,634.0,324.0,3062.0
2021-08-15,106.0,74.0,748.0,1312.0,662.0,324.0,3228.0
2021-08-16,114.0,78.0,774.0,1378.0,684.0,350.0,3380.0
2021-08-17,122.0,86.0,820.0,1518.0,700.0,382.0,3630.0
2021-08-18,128.0,88.0,906.0,1602.0,726.0,448.0,3900.0
2021-08-19,130.0,104.0,984.0,1664.0,784.0,458.0,4126.0
2021-08-20,142.0,110.0,1008.0,1768.0,816.0,462.0,4306.0
2021-08-21,154.0,124.0,1024.0,1834.0,866.0,468.0,4470.0
2021-08-22,148.0,126.0,1036.0,1928.0,886.0,486.0,4610.0
2021-08-23,148.0,124.0,1070.0,1986.0,914.0,494.0,4736.0
2021-08-24,146.0,120.0,1146.0,2116.0,982.0,520.0,5030.0
2021-08-25,164.0,130.0,1208.0,2260.0,1106.0,540.0,5408.0
2021-08-26,178.0,140.0,1242.0,2404.0,1158.0,604.0,5726.0
2021-08-27,170.0,146.0,1278.0,2474.0,1192.0,682.0,5942.0
2021-08-28,170.0,150.0,1320.0,2586.0,1224.0,710.0,6160.0
2021-08-29,170.0,156.0,1362.0,2666.0,1288.0,736.0,6378.0
2021-08-30,170.0,156.0,1326.0,2712.0,1310.0,754.0,6428.0
2021-08-31,176.0,164.0,1284.0,2628.0,1332.0,788.0,6372.0
2021-09-01,166.0,156.0,1264.0,2664.0,1342.0,850.0,6442.0
2021-09-02,156.0,144.0,1266.0,2650.0,1348.0,884.0,6448.0
2021-09-03,152.0,152.0,1304.0,2630.0,1388.0,878.0,6504.0
2021-09-04,148.0,140.0,1288.0,2644.0,1452.0,924.0,6596.0
2021-09-05,154.0,140.0,1252.0,2628.0,1454.0,948.0,6576.0
2021-09-06,162.0,142.0,1258.0,2610.0,1458.0,952.0,6582.0
2021-09-07,182.0,158.0,1262.0,2594.0,1456.0,976.0,6628.0
2021-09-08,184.0,180.0,1262.0,2474.0,1540.0,984.0,6624.0
2021-09-09,192.0,174.0,1222.0,2474.0,1592.0,986.0,6640.0
2021-09-10,198.0,162.0,1184.0,2502.0,1616.0,1046.0,6708.0
2021-09-11,196.0,170.0,1162.0,2504.0,1604.0,1078.0,6714.0
2021-09-12,198.0,166.0,1170.0,2420.0,1600.0,1120.0,6674.0
2021-09-13,190.0,166.0,1184.0,2372.0,1598.0,1116.0,6626.0
2021-09-14,180.0,146.0,1156.0,2388.0,1598.0,1134.0,6602.0
2021-09-15,176.0,122.0,1108.0,2342.0,1466.0,1180.0,6394.0
2021-09-16,162.0,128.0,1074.0,2274.0,1438.0,1206.0,6282.0
2021-09-17,162.0,120.0,1022.0,2196.0,1416.0,1144.0,6060.0
2021-09-18,170.0,112.0,1014.0,2040.0,1394.0,1126.0,5856.0
2021-09-19,162.0,116.0,978.0,2038.0,1356.0,1068.0,5718.0
2021-09-20,162.0,116.0,948.0,1986.0,1326.0,1066.0,5604.0
2021-09-21,152.0,110.0,918.0,1844.0,1362.0,1048.0,5434.0
2021-09-22,142.0,120.0,876.0,1790.0,1402.0,950.0,5280.0
2021-09-23,146.0,118.0,846.0,1704.0,1408.0,912.0,5134.0
2021-09-24,148.0,122.0,846.0,1710.0,1352.0,940.0,5118.0
2021-09-25,150.0,108.0,824.0,1724.0,1326.0,912.0,5044.0
2021-09-26,144.0,104.0,794.0,1658.0,1336.0,940.0,4976.0
2021-09-27,142.0,110.0,790.0,1650.0,1340.0,942.0,4974.0
2021-09-28,134.0,110.0,784.0,1660.0,1326.0,998.0,5012.0
2021-09-29,144.0,112.0,812.0,1700.0,1342.0,1094.0,5204.0
2021-09-30,144.0,110.0,814.0,1744.0,1300.0,1154.0,5266.0
2021-10-01,138.0,104.0,774.0,1664.0,1306.0,1162.0,5148.0
2021-10-02,134.0,114.0,746.0,1656.0,1290.0,1190.0,5130.0
2021-10-03,134.0,112.0,770.0,1612.0,1316.0,1184.0,5128.0
2021-10-04,134.0,106.0,768.0,1616.0,1310.0,1178.0,5112.0
2021-10-05,144.0,94.0,738.0,1602.0,1314.0,1130.0,5022.0
2021-10-06,124.0,88.0,648.0,1540.0,1298.0,1142.0,4840.0
2021-10-07,110.0,84.0,638.0,1494.0,1346.0,1172.0,4846.0
2021-10-08,96.0,88.0,616.0,1510.0,1420.0,1216.0,4948.0
2021-10-09,86.0,96.0,640.0,1520.0,1512.0,1242.0,5098.0
2021-10-10,98.0,96.0,626.0,1596.0,1528.0,1264.0,5210.0
2021-10-11,100.0,96.0,612.0,1582.0,1562.0,1310.0,5264.0
2021-10-12,90.0,104.0,668.0,1602.0,1588.0,1398.0,5452.0
2021-10-13,104.0,104.0,686.0,1618.0,1694.0,1380.0,5588.0
2021-10-14,104.0,102.0,704.0,1636.0,1706.0,1376.0,5628.0
2021-10-15,108.0,104.0,754.0,1692.0,1768.0,1400.0,5826.0
2021-10-16,106.0,104.0,756.0,1664.0,1826.0,1476.0,5932.0
2021-10-17,92.0,116.0,764.0,1668.0,1858.0,1522.0,6020.0
2021-10-18,94.0,110.0,770.0,1716.0,1886.0,1568.0,6144.0
2021-10-19,94.0,116.0,776.0,1808.0,2072.0,1722.0,6588.0
2021-10-20,108.0,120.0,858.0,1956.0,2276.0,1996.0,7314.0
2021-10-21,128.0,128.0,896.0,2088.0,2466.0,2208.0,7914.0
2021-10-22,132.0,122.0,946.0,2162.0,2658.0,2392.0,8414.0
2021-10-23,150.0,122.0,952.0,2302.0,2856.0,2584.0,8968.0
2021-10-24,172.0,118.0,982.0,2396.0,2998.0,2728.0,9396.0
2021-10-25,168.0,116.0,1030.0,2418.0,3046.0,2752.0,9532.0
2021-10-26,186.0,110.0,1052.0,2504.0,3066.0,2874.0,9794.0
2021-10-27,186.0,110.0,1046.0,2628.0,3106.0,2932.0,10010.0
2021-10-28,184.0,124.0,1084.0,2790.0,3318.0,3168.0,10670.0
2021-10-29,176.0,136.0,1080.0,2918.0,3436.0,3364.0,11110.0
2021-10-30,178.0,138.0,1106.0,3024.0,3554.0,3452.0,11452.0
2021-10-31,168.0,146.0,1114.0,3056.0,3640.0,3488.0,11612.0
2021-11-01,174.0,150.0,1098.0,3096.0,3736.0,3594.0,11848.0
2021-11-02,162.0,156.0,1066.0,3012.0,3696.0,3600.0,11692.0
2021-11-03,152.0,168.0,1052.0,2970.0,3926.0,3850.0,12118.0
2021-11-04,144.0,162.0,1050.0,3072.0,4138.0,4050.0,12618.0
2021-11-05,176.0,178.0,1070.0,3216.0,4336.0,4212.0,13190.0
2021-11-06,174.0,198.0,1138.0,3354.0,4440.0,4408.0,13714.0
2021-11-07,176.0,202.0,1150.0,3382.0,4528.0,4520.0,13960.0
2021-11-08,190.0,220.0,1176.0,3404.0,4558.0,4588.0,14138.0
2021-11-09,200.0,240.0,1248.0,3574.0,4936.0,4862.0,15062.0
2021-11-10,214.0,254.0,1330.0,3784.0,5176.0,4950.0,15710.0
2021-11-11,218.0,298.0,1356.0,3830.0,5336.0,4894.0,15934.0
2021-11-12,210.0,314.0,1368.0,3918.0,5532.0,5076.0,16420.0
2021-11-13,228.0,314.0,1356.0,4026.0,5748.0,5162.0,16836.0
2021-11-14,232.0,306.0,1386.0,4170.0,5830.0,5268.0,17194.0
2021-11-15,216.0,308.0,1404.0,4246.0,6082.0,5358.0,17616.0
2021-11-16,250.0,316.0,1406.0,4420.0,6266.0,5480.0,18144.0
2021-11-17,250.0,350.0,1486.0,4568.0,6550.0,5730.0,18940.0
2021-11-18,272.0,358.0,1518.0,4736.0,6684.0,5924.0,19496.0
2021-11-19,280.0,384.0,1558.0,4816.0,6776.0,6076.0,19894.0
2021-11-20,268.0,404.0,1586.0,4946.0,6974.0,6252.0,20434.0
2021-11-21,274.0,420.0,1562.0,4936.0,7080.0,6270.0,20546.0
2021-11-22,286.0,438.0,1564.0,5038.0,7106.0,6364.0,20802.0
2021-11-23,262.0,438.0,1602.0,5140.0,7272.0,6576.0,21292.0
2021-11-24,300.0,424.0,1552.0,5226.0,7356.0,6696.0,21556.0
2021-11-25,298.0,412.0,1546.0,5310.0,7564.0,6770.0,21902.0
2021-11-26,296.0,406.0,1570.0,5446.0,7716.0,6642.0,22078.0
2021-11-27,310.0,402.0,1570.0,5394.0,7796.0,6594.0,22070.0
2021-11-28,294.0,400.0,1582.0,5438.0,7866.0,6666.0,22250.0
2021-11-29,306.0,378.0,1592.0,5394.0,7834.0,6578.0,22084.0
2021-11-30,318.0,386.0,1582.0,5406.0,7776.0,6360.0,21830.0
2021-12-01,294.0,376.0,1584.0,5272.0,7598.0,6176.0,21302.0
2021-12-02,312.0,388.0,1584.0,5300.0,7646.0,6080.0,21312.0
2021-12-03,306.0,392.0,1596.0,5276.0,7572.0,6042.0,21188.0
2021-12-04,302.0,414.0,1608.0,5302.0,7462.0,6040.0,21130.0
2021-12-05,334.0,414.0,1628.0,5338.0,7478.0,5982.0,21176.0
2021-12-06,326.0,432.0,1606.0,5350.0,7542.0,6034.0,21292.0
2021-12-07,316.0,430.0,1630.0,5338.0,7636.0,6116.0,21468.0
2021-12-08,312.0,426.0,1642.0,5492.0,7720.0,6020.0,21614.0
2021-12-09,288.0,396.0,1704.0,5324.0,7534.0,5984.0,21232.0
2021-12-10,298.0,390.0,1696.0,5176.0,7412.0,5962.0,20934.0
2021-12-11,306.0,376.0,1636.0,5028.0,7258.0,5840.0,20446.0
2021-12-12,292.0,404.0,1614.0,4920.0,7174.0,5806.0,20212.0
2021-12-13,298.0,380.0,1596.0,4816.0,7018.0,5590.0,19700.0
2021-12-14,300.0,360.0,1580.0,4628.0,6750.0,5338.0,18958.0
2021-12-15,320.0,390.0,1520.0,4420.0,6620.0,5276.0,18548.0
2021-12-16,318.0,406.0,1442.0,4284.0,6330.0,5166.0,17948.0
2021-12-17,320.0,378.0,1400.0,4106.0,6178.0,4954.0,17340.0
2021-12-18,296.0,364.0,1416.0,3922.0,6070.0,4750.0,16822.0
2021-12-19,288.0,328.0,1392.0,3852.0,5912.0,4576.0,16352.0
2021-12-20,270.0,332.0,1400.0,3804.0,5796.0,4556.0,16162.0
2021-12-21,272.0,352.0,1348.0,3684.0,5662.0,4372.0,15696.0
2021-12-22,248.0,320.0,1314.0,3582.0,5310.0,4104.0,14886.0
2021-12-23,244.0,300.0,1254.0,3416.0,5048.0,3826.0,14096.0
2021-12-24,220.0,286.0,1212.0,3308.0,4790.0,3626.0,13448.0
2021-12-25,214.0,248.0,1092.0,3058.0,4282.0,3276.0,12174.0
2021-12-26,210.0,238.0,1026.0,2826.0,3936.0,3090.0,11330.0
2021-12-27,208.0,232.0,1028.0,2776.0,3844.0,3044.0,11136.0
2021-12-28,198.0,202.0,1036.0,2790.0,3716.0,2966.0,10910.0
2021-12-29,202.0,176.0,1084.0,2746.0,3646.0,2856.0,10710.0
2021-12-30,194.0,158.0,1130.0,2770.0,3620.0,2788.0,10660.0
2021-12-31,208.0,144.0,1156.0,2774.0,3626.0,2756.0,10666.0
2022-01-01,202.0,144.0,1198.0,2786.0,3648.0,2796.0,10776.0
2022-01-02,206.0,134.0,1266.0,2820.0,3616.0,2736.0,10780.0
2022-01-03,234.0,140.0,1296.0,2822.0,3576.0,2728.0,10798.0
2022-01-04,254.0,164.0,1386.0,2822.0,3528.0,2766.0,10924.0
2022-01-05,264.0,152.0,1508.0,2748.0,3442.0,2706.0,10824.0
2022-01-06,298.0,156.0,1580.0,2654.0,3372.0,2638.0,10702.0
2022-01-07,314.0,178.0,1662.0,2498.0,3116.0,2484.0,10254.0
2022-01-08,346.0,212.0,1848.0,2620.0,3144.0,2502.0,10674.0
2022-01-09,372.0,244.0,1880.0,2674.0,3198.0,2550.0,10920.0
2022-01-10,350.0,252.0,1894.0,2682.0,3158.0,2470.0,10808.0
2022-01-11,378.0,246.0,1924.0,2676.0,3018.0,2322.0,10564.0
2022-01-12,396.0,300.0,1890.0,2614.0,2736.0,2190.0,10126.0
2022-01-13,404.0,360.0,1970.0,2614.0,2554.0,2116.0,10018.0
2022-01-14,426.0,384.0,1968.0,2718.0,2562.0,2154.0,10212.0
2022-01-15,456.0,412.0,1934.0,2800.0,2568.0,2172.0,10344.0
2022-01-16,466.0,418.0,1962.0,2830.0,2572.0,2204.0,10454.0
2022-01-17,490.0,428.0,1956.0,2834.0,2618.0,2236.0,10564.0
2022-01-18,518.0,472.0,2024.0,2840.0,2706.0,2372.0,10934.0
2022-01-19,530.0,500.0,2138.0,2966.0,2828.0,2488.0,11452.0
2022-01-20,568.0,536.0,2184.0,3156.0,2994.0,2632.0,12072.0
2022-01-21,602.0,610.0,2320.0,3292.0,3094.0,2748.0,12668.0
2022-01-22,658.0,662.0,2478.0,3410.0,3272.0,2914.0,13394.0
2022-01-23,648.0,686.0,2536.0,3438.0,3352.0,3024.0,13684.0
2022-01-24,674.0,686.0,2656.0,3558.0,3402.0,3156.0,14132.0
2022-01-25,714.0,748.0,2750.0,3730.0,3564.0,3304.0,14816.0
2022-01-26,788.0,776.0,2834.0,3808.0,3762.0,3514.0,15492.0
2022-01-27,794.0,810.0,2848.0,3846.0,3862.0,3664.0,15836.0
2022-01-28,796.0,796.0,2862.0,3922.0,4028.0,3838.0,16256.0
2022-01-29,796.0,804.0,2886.0,3976.0,4084.0,4012.0,16576.0
2022-01-30,820.0,834.0,2978.0,4058.0,4152.0,4088.0,16948.0
2022-01-31,804.0,868.0,2924.0,4068.0,4226.0,4106.0,17014.0
2022-02-01,824.0,876.0,2930.0,4074.0,4346.0,4204.0,17266.0
2022-02-02,814.0,908.0,2940.0,4134.0,4584.0,4466.0,17854.0
2022-02-03,806.0,922.0,3036.0,4284.0,4888.0,4740.0,18686.0
2022-02-04,842.0,918.0,3152.0,4366.0,5178.0,5152.0,19616.0
2022-02-05,850.0,932.0,3226.0,4434.0,5426.0,5358.0,20230.0
2022-02-06,838.0,920.0,3138.0,4476.0,5550.0,5532.0,20458.0
2022-02-07,850.0,898.0,3122.0,4480.0,5596.0,5682.0,20632.0
2022-02-08,806.0,890.0,3200.0,4602.0,5758.0,5966.0,21226.0
2022-02-09,802.0,894.0,3208.0,4734.0,5922.0,6224.0,21788.0
2022-02-10,862.0,836.0,3178.0,4726.0,5896.0,6388.0,21888.0
2022-02-11,836.0,876.0,3092.0,4688.0,5838.0,6416.0,21748.0
2022-02-12,824.0,834.0,2962.0,4684.0,5786.0,6536.0,21630.0
2022-02-13,832.0,836.0,2926.0,4590.0,5712.0,6538.0,21438.0
2022-02-14,822.0,826.0,2902.0,4544.0,5706.0,6504.0,21308.0
2022-02-15,850.0,780.0,2824.0,4480.0,5624.0,6548.0,21110.0
2022-02-16,882.0,744.0,2766.0,4358.0,5592.0,6682.0,21030.0
2022-02-17,846.0,762.0,2700.0,4312.0,5710.0,6774.0,21108.0
2022-02-18,846.0,724.0,2626.0,4296.0,5802.0,6906.0,21206.0
2022-02-19,850.0,720.0,2596.0,4182.0,5878.0,6938.0,21168.0
2022-02-20,848.0,712.0,2586.0,4214.0,6014.0,6946.0,21324.0
2022-02-21,858.0,708.0,2580.0,4244.0,6052.0,7014.0,21460.0
2022-02-22,842.0,724.0,2514.0,4224.0,6222.0,7086.0,21616.0
2022-02-23,810.0,706.0,2446.0,4212.0,6272.0,6942.0,21390.0
2022-02-24,822.0,652.0,2448.0,4080.0,6212.0,6988.0,21208.0
2022-02-25,836.0,636.0,2436.0,4014.0,6126.0,6848.0,20902.0
2022-02-26,808.0,614.0,2414.0,3936.0,6128.0,6880.0,20786.0
2022-02-27,802.0,574.0,2402.0,3918.0,6134.0,6922.0,20760.0
2022-02-28,784.0,572.0,2368.0,3828.0,6074.0,6912.0,20546.0
2022-03-01,778.0,518.0,2294.0,3778.0,5948.0,6820.0,20144.0
2022-03-02,782.0,490.0,2244.0,3674.0,5896.0,6822.0,19916.0
2022-03-03,816.0,504.0,2224.0,3634.0,5830.0,6822.0,19834.0
2022-03-04,784.0,500.0,2244.0,3624.0,5926.0,6902.0,19982.0
2022-03-05,782.0,492.0,2284.0,3694.0,5922.0,6840.0,20016.0
2022-03-06,790.0,486.0,2326.0,3684.0,5832.0,6806.0,19924.0
2022-03-07,806.0,498.0,2374.0,3714.0,5874.0,6784.0,20052.0
2022-03-08,832.0,546.0,2434.0,3676.0,5960.0,6964.0,20416.0
2022-03-09,852.0,568.0,2578.0,3778.0,6192.0,7204.0,21176.0
2022-03-10,820.0,582.0,2594.0,3890.0,6398.0,7426.0,21714.0
2022-03-11,836.0,578.0,2670.0,3984.0,6458.0,7704.0,22236.0
2022-03-12,870.0,586.0,2652.0,4014.0,6662.0,7978.0,22768.0
2022-03-13,918.0,604.0,2690.0,4014.0,6788.0,8094.0,23114.0
2022-03-14,914.0,588.0,2712.0,4020.0,6874.0,8228.0,23340.0
2022-03-15,966.0,630.0,2806.0,4242.0,7172.0,8544.0,24362.0
2022-03-16,968.0,662.0,2776.0,4286.0,7310.0,8798.0,24804.0
2022-03-17,956.0,672.0,2768.0,4320.0,7496.0,8988.0,25204.0
2022-03-18,974.0,650.0,2720.0,4290.0,7740.0,9112.0,25488.0
2022-03-19,970.0,650.0,2694.0,4338.0,7734.0,9252.0,25642.0
2022-03-20,946.0,650.0,2594.0,4306.0,7750.0,9210.0,25460.0
2022-03-21,944.0,660.0,2554.0,4312.0,7720.0,9118.0,25312.0
2022-03-22,892.0,600.0,2474.0,4262.0,7710.0,9176.0,25120.0
2022-03-23,898.0,556.0,2480.0,4314.0,7690.0,9236.0,25180.0
2022-03-24,912.0,534.0,2518.0,4244.0,7796.0,9116.0,25128.0
2022-03-25,910.0,550.0,2496.0,4270.0,7720.0,8944.0,24898.0
2022-03-26,906.0,538.0,2522.0,4230.0,7790.0,8900.0,24892.0
2022-03-27,862.0,528.0,2552.0,4206.0,7838.0,8968.0,24960.0
2022-03-28,840.0,516.0,2574.0,4184.0,7850.0,9032.0,25004.0
2022-03-29,858.0,508.0,2564.0,4146.0,7862.0,9026.0,24972.0
2022-03-30,840.0,508.0,2458.0,4090.0,7876.0,8912.0,24694.0
2022-03-31,818.0,496.0,2402.0,4038.0,7622.0,8890.0,24274.0
2022-04-01,830.0,480.0,2360.0,3942.0,7488.0,8762.0,23870.0
2022-04-02,810.0,462.0,2232.0,3840.0,7266.0,8364.0,22984.0
2022-04-03,822.0,442.0,2180.0,3814.0,7038.0,8136.0,22442.0
2022-04-04,828.0,436.0,2116.0,3752.0,6932.0,7944.0,22018.0
2022-04-05,760.0,430.0,2078.0,3642.0,6786.0,7742.0,21446.0
2022-04-06,752.0,418.0,2014.0,3524.0,6468.0,7424.0,20606.0
2022-04-07,720.0,396.0,1890.0,3488.0,6410.0,7234.0,20144.0
2022-04-08,680.0,364.0,1774.0,3390.0,6336.0,7084.0,19636.0
2022-04-09,670.0,390.0,1830.0,3324.0,6232.0,7110.0,19564.0
2022-04-10,660.0,404.0,1810.0,3276.0,6190.0,7080.0,19428.0
2022-04-11,664.0,406.0,1816.0,3294.0,6162.0,7090.0,19438.0
2022-04-12,718.0,392.0,1816.0,3286.0,6082.0,7042.0,19342.0
2022-04-13,674.0,376.0,1782.0,3188.0,6122.0,6938.0,19084.0
2022-04-14,696.0,356.0,1742.0,3064.0,5888.0,6732.0,18484.0
2022-04-15,674.0,354.0,1756.0,3024.0,5800.0,6660.0,18276.0
2022-04-16,612.0,296.0,1558.0,2722.0,5266.0,6046.0,16506.0
2022-04-17,610.0,278.0,1536.0,2674.0,5116.0,5960.0,16180.0
2022-04-18,588.0,266.0,1500.0,2618.0,5048.0,5846.0,15872.0
2022-04-19,450.0,222.0,1240.0,2186.0,4226.0,4948.0,13280.0
2022-04-20,494.0,206.0,1342.0,2262.0,4342.0,5220.0,13874.0
2022-04-21,474.0,222.0,1390.0,2386.0,4478.0,5340.0,14298.0
2022-04-22,470.0,210.0,1394.0,2384.0,4414.0,5306.0,14182.0
2022-04-23,506.0,222.0,1532.0,2664.0,4784.0,5720.0,15434.0
2022-04-24,502.0,216.0,1504.0,2672.0,4822.0,5640.0,15362.0
2022-04-25,502.0,220.0,1516.0,2708.0,4818.0,5640.0,15410.0
2022-04-26,578.0,240.0,1736.0,3046.0,5478.0,6276.0,17358.0
2022-04-27,488.0,230.0,1582.0,2782.0,4968.0,5692.0,15746.0
2022-04-28,458.0,200.0,1482.0,2544.0,4622.0,5272.0,14580.0
2022-04-29,440.0,208.0,1356.0,2412.0,4400.0,4976.0,13794.0
2022-04-30,400.0,216.0,1288.0,2268.0,4354.0,4726.0,13252.0
2022-05-01,386.0,222.0,1274.0,2202.0,4270.0,4678.0,13032.0
2022-05-02,388.0,224.0,1242.0,2120.0,4160.0,4644.0,12778.0
2022-05-03,362.0,232.0,1092.0,1982.0,3960.0,4512.0,12142.0
2022-05-04,360.0,238.0,1016.0,1958.0,3904.0,4422.0,11900.0
2022-05-05,370.0,244.0,986.0,1896.0,3824.0,4306.0,11628.0
2022-05-06,346.0,230.0,1006.0,1884.0,3760.0,4210.0,11440.0
2022-05-07,354.0,218.0,950.0,1910.0,3614.0,4130.0,11182.0
2022-05-08,338.0,218.0,940.0,1908.0,3592.0,4060.0,11062.0
2022-05-09,318.0,210.0,926.0,1888.0,3556.0,3974.0,10878.0
2022-05-10,320.0,222.0,972.0,1946.0,3588.0,3846.0,10900.0
2022-05-11,340.0,226.0,986.0,1896.0,3416.0,3746.0,10620.0
2022-05-12,314.0,242.0,966.0,1862.0,3370.0,3550.0,10316.0
2022-05-13,308.0,250.0,938.0,1764.0,3284.0,3480.0,10034.0
2022-05-14,320.0,254.0,928.0,1668.0,3212.0,3408.0,9798.0
2022-05-15,314.0,244.0,928.0,1644.0,3148.0,3370.0,9656.0
2022-05-16,318.0,246.0,910.0,1634.0,3122.0,3342.0,9580.0
2022-05-17,300.0,238.0,892.0,1572.0,2920.0,3190.0,9118.0
2022-05-18,266.0,236.0,862.0,1484.0,2864.0,3008.0,8722.0
2022-05-19,256.0,228.0,858.0,1416.0,2752.0,2932.0,8442.0
2022-05-20,260.0,216.0,812.0,1374.0,2604.0,2780.0,8046.0
2022-05-21,240.0,194.0,800.0,1298.0,2482.0,2688.0,7702.0
2022-05-22,244.0,196.0,770.0,1280.0,2500.0,2654.0,7644.0
2022-05-23,240.0,186.0,770.0,1282.0,2506.0,2618.0,7602.0
2022-05-24,262.0,164.0,706.0,1116.0,2428.0,2478.0,7154.0
2022-05-25,244.0,136.0,676.0,1074.0,2318.0,2292.0,6740.0
2022-05-26,238.0,120.0,618.0,1014.0,2174.0,2202.0,6366.0
2022-05-27,214.0,102.0,550.0,894.0,1868.0,1870.0,5498.0
2022-05-28,212.0,108.0,564.0,928.0,1860.0,1846.0,5518.0
2022-05-29,208.0,104.0,562.0,910.0,1778.0,1798.0,5360.0
2022-05-30,210.0,110.0,560.0,902.0,1748.0,1794.0,5324.0
2022-05-31,168.0,108.0,590.0,968.0,1676.0,1714.0,5224.0
2022-06-01,180.0,98.0,590.0,972.0,1650.0,1776.0,5266.0
2022-06-02,184.0,88.0,644.0,1010.0,1666.0,1774.0,5366.0
2022-06-03,208.0,106.0,764.0,1116.0,1926.0,2022.0,6142.0
2022-06-04,196.0,114.0,754.0,1112.0,1916.0,2086.0,6178.0
2022-06-05,202.0,110.0,752.0,1130.0,2000.0,2090.0,6284.0
2022-06-06,194.0,106.0,756.0,1124.0,2022.0,2112.0,6314.0
2022-06-07,174.0,84.0,608.0,914.0,1710.0,1796.0,5286.0
2022-06-08,206.0,116.0,758.0,1076.0,2092.0,2252.0,6500.0
2022-06-09,228.0,122.0,806.0,1252.0,2284.0,2472.0,7166.0
2022-06-10,242.0,122.0,854.0,1376.0,2430.0,2636.0,7666.0
2022-06-11,264.0,112.0,894.0,1414.0,2548.0,2722.0,7960.0
2022-06-12,262.0,112.0,920.0,1416.0,2524.0,2780.0,8020.0
2022-06-13,276.0,118.0,950.0,1450.0,2550.0,2808.0,8158.0
2022-06-14,370.0,156.0,1232.0,1842.0,3212.0,3424.0,10242.0
2022-06-15,378.0,156.0,1190.0,1838.0,3062.0,3156.0,9786.0
2022-06-16,368.0,150.0,1206.0,1790.0,3076.0,3194.0,9788.0
2022-06-17,352.0,148.0,1094.0,1606.0,2890.0,3024.0,9114.0
2022-06-18,382.0,166.0,1180.0,1750.0,3120.0,3246.0,9846.0
2022-06-19,400.0,180.0,1164.0,1782.0,3174.0,3294.0,9996.0
2022-06-20,412.0,178.0,1166.0,1788.0,3210.0,3380.0,10136.0
2022-06-21,426.0,184.0,1178.0,1980.0,3582.0,3830.0,11182.0
2022-06-22,430.0,180.0,1270.0,2136.0,3834.0,4072.0,11924.0
2022-06-23,458.0,204.0,1352.0,2218.0,4050.0,4238.0,12522.0
2022-06-24,508.0,222.0,1538.0,2502.0,4406.0,4746.0,13926.0
2022-06-25,538.0,218.0,1576.0,2508.0,4368.0,4848.0,14058.0
2022-06-26,542.0,216.0,1614.0,2494.0,4398.0,4870.0,14136.0
2022-06-27,542.0,226.0,1612.0,2522.0,4442.0,4910.0,14256.0
2022-06-28,588.0,238.0,1698.0,2502.0,4534.0,5040.0,14602.0
2022-06-29,608.0,246.0,1700.0,2450.0,4672.0,5188.0,14866.0
2022-06-30,616.0,244.0,1688.0,2544.0,4728.0,5368.0,15190.0
2022-07-01,616.0,240.0,1682.0,2576.0,4844.0,5330.0,15288.0
2022-07-02,622.0,242.0,1672.0,2636.0,4964.0,5308.0,15444.0
2022-07-03,600.0,236.0,1658.0,2660.0,4984.0,5318.0,15456.0
2022-07-04,602.0,234.0,1672.0,2672.0,4994.0,5316.0,15490.0
2022-07-05,568.0,250.0,1606.0,2774.0,5064.0,5302.0,15566.0
2022-07-06,562.0,258.0,1550.0,2862.0,5072.0,5406.0,15712.0
2022-07-07,568.0,276.0,1556.0,2944.0,5260.0,5440.0,16046.0
2022-07-08,592.0,286.0,1548.0,2992.0,5392.0,5586.0,16402.0
2022-07-09,582.0,292.0,1520.0,2984.0,5468.0,5730.0,16582.0
2022-07-10,598.0,294.0,1518.0,3006.0,5476.0,5788.0,16686.0
2022-07-11,606.0,300.0,1516.0,3020.0,5522.0,5850.0,16820.0
2022-07-12,642.0,290.0,1642.0,2990.0,5898.0,6374.0,17840.0
2022-07-13,674.0,296.0,1670.0,3000.0,6042.0,6668.0,18354.0
2022-07-14,704.0,280.0,1726.0,3064.0,6124.0,7024.0,18926.0
2022-07-15,732.0,288.0,1752.0,3084.0,6404.0,7336.0,19598.0
2022-07-16,734.0,288.0,1810.0,3180.0,6676.0,7634.0,20326.0
2022-07-17,736.0,288.0,1828.0,3162.0,6712.0,7676.0,20406.0
2022-07-18,736.0,278.0,1842.0,3128.0,6716.0,7634.0,20338.0
2022-07-19,732.0,272.0,1800.0,3212.0,6594.0,7896.0,20512.0
2022-07-20,772.0,266.0,1866.0,3270.0,6724.0,8136.0,21040.0
2022-07-21,766.0,270.0,1862.0,3218.0,6844.0,8290.0,21256.0
2022-07-22,766.0,274.0,1930.0,3320.0,6928.0,8598.0,21820.0
2022-07-23,780.0,270.0,1882.0,3268.0,6916.0,8642.0,21760.0
2022-07-24,780.0,270.0,1882.0,3254.0,6974.0,8628.0,21790.0
2022-07-25,786.0,278.0,1868.0,3264.0,7000.0,8712.0,21910.0
2022-07-26,810.0,278.0,1928.0,3196.0,7266.0,8812.0,22290.0
2022-07-27,740.0,258.0,1850.0,3124.0,7350.0,8756.0,22078.0
2022-07-28,744.0,258.0,1794.0,3076.0,7244.0,8406.0,21522.0
2022-07-29,714.0,222.0,1652.0,2954.0,6982.0,7996.0,20520.0
2022-07-30,708.0,216.0,1632.0,2846.0,6770.0,7616.0,19788.0
2022-07-31,704.0,208.0,1596.0,2842.0,6684.0,7556.0,19590.0
2022-08-01,696.0,194.0,1598.0,2812.0,6598.0,7418.0,19316.0
2022-08-02,660.0,164.0,1454.0,2740.0,6290.0,6826.0,18134.0
2022-08-03,658.0,166.0,1432.0,2730.0,6046.0,6474.0,17506.0
2022-08-04,676.0,142.0,1392.0,2618.0,5836.0,6320.0,16984.0
2022-08-05,644.0,150.0,1412.0,2494.0,5706.0,6172.0,16580.0
2022-08-06,610.0,146.0,1378.0,2486.0,5622.0,6194.0,16438.0
2022-08-07,614.0,156.0,1396.0,2478.0,5572.0,6170.0,16388.0
2022-08-08,596.0,162.0,1390.0,2474.0,5560.0,6152.0,16336.0
2022-08-09,582.0,164.0,1332.0,2316.0,5178.0,5936.0,15510.0
2022-08-10,566.0,154.0,1260.0,2148.0,4896.0,5680.0,14706.0
2022-08-11,516.0,170.0,1222.0,2056.0,4800.0,5550.0,14316.0
2022-08-12,506.0,176.0,1152.0,2034.0,4648.0,5348.0,13864.0
2022-08-13,506.0,176.0,1104.0,1966.0,4570.0,5292.0,13614.0
2022-08-14,494.0,168.0,1094.0,1960.0,4544.0,5238.0,13498.0
2022-08-15,492.0,164.0,1082.0,1956.0,4550.0,5228.0,13472.0
2022-08-16,476.0,168.0,1042.0,1902.0,4446.0,5026.0,13064.0
2022-08-17,476.0,162.0,1094.0,1938.0,4690.0,5118.0,13482.0
2022-08-18,464.0,156.0,1044.0,1982.0,4608.0,5136.0,13394.0
2022-08-19,490.0,154.0,1068.0,1982.0,4586.0,5158.0,13442.0
2022-08-20,486.0,156.0,1054.0,1988.0,4476.0,4958.0,13122.0
2022-08-21,486.0,162.0,1038.0,1982.0,4486.0,4986.0,13144.0
2022-08-22,490.0,162.0,1010.0,1978.0,4416.0,4966.0,13026.0
2022-08-23,478.0,168.0,974.0,1982.0,4328.0,4882.0,12812.0
2022-08-24,480.0,178.0,904.0,1914.0,3916.0,4560.0,11952.0
2022-08-25,452.0,162.0,874.0,1864.0,3804.0,4390.0,11546.0
2022-08-26,418.0,148.0,820.0,1748.0,3674.0,4178.0,10986.0
2022-08-27,406.0,144.0,826.0,1684.0,3546.0,4050.0,10656.0
2022-08-28,406.0,136.0,830.0,1692.0,3494.0,4014.0,10572.0
2022-08-29,404.0,134.0,828.0,1674.0,3524.0,3976.0,10540.0
2022-08-30,370.0,122.0,802.0,1582.0,3456.0,3768.0,10104.0
2022-08-31,342.0,114.0,786.0,1518.0,3350.0,3620.0,9734.0
2022-09-01,350.0,120.0,770.0,1464.0,3306.0,3380.0,9394.0
2022-09-02,342.0,110.0,734.0,1444.0,3186.0,3244.0,9064.0
2022-09-03,318.0,104.0,716.0,1416.0,3116.0,3202.0,8876.0
2022-09-04,306.0,104.0,710.0,1398.0,3128.0,3186.0,8836.0
2022-09-05,306.0,116.0,720.0,1400.0,3128.0,3188.0,8862.0
2022-09-06,302.0,130.0,710.0,1430.0,2926.0,3102.0,8600.0
2022-09-07,292.0,124.0,690.0,1388.0,2942.0,3130.0,8566.0
2022-09-08,308.0,126.0,730.0,1334.0,2926.0,3252.0,8680.0
2022-09-09,300.0,134.0,722.0,1362.0,2946.0,3306.0,8774.0
2022-09-10,332.0,136.0,688.0,1344.0,3020.0,3308.0,8832.0
2022-09-11,348.0,134.0,690.0,1310.0,2986.0,3306.0,8778.0
2022-09-12,346.0,124.0,674.0,1326.0,2968.0,3290.0,8732.0
2022-09-13,340.0,100.0,672.0,1326.0,3128.0,3388.0,8958.0
2022-09-14,328.0,98.0,692.0,1364.0,3162.0,3410.0,9058.0
2022-09-15,300.0,102.0,654.0,1392.0,3200.0,3448.0,9096.0
2022-09-16,294.0,118.0,692.0,1418.0,3292.0,3538.0,9352.0
2022-09-17,278.0,118.0,698.0,1476.0,3318.0,3612.0,9500.0
2022-09-18,266.0,120.0,702.0,1510.0,3340.0,3654.0,9592.0
2022-09-19,262.0,122.0,714.0,1512.0,3334.0,3708.0,9652.0
2022-09-20,272.0,142.0,794.0,1564.0,3486.0,4006.0,10264.0
2022-09-21,274.0,138.0,826.0,1652.0,3622.0,4264.0,10776.0
2022-09-22,306.0,134.0,860.0,1778.0,3938.0,4618.0,11636.0
2022-09-23,342.0,136.0,886.0,1822.0,4228.0,4924.0,12342.0
2022-09-24,334.0,144.0,958.0,1884.0,4532.0,5282.0,13138.0
2022-09-25,342.0,144.0,958.0,1912.0,4658.0,5432.0,13450.0
2022-09-26,354.0,140.0,964.0,1924.0,4776.0,5590.0,13752.0
2022-09-27,378.0,152.0,1056.0,2226.0,5476.0,6528.0,15826.0
2022-09-28,444.0,178.0,1104.0,2556.0,6260.0,7316.0,17870.0
2022-09-29,448.0,184.0,1182.0,2742.0,6712.0,7936.0,19218.0
2022-09-30,442.0,172.0,1260.0,2970.0,7194.0,8582.0,20638.0
2022-10-01,466.0,166.0,1302.0,3116.0,7564.0,9204.0,21836.0
2022-10-02,468.0,168.0,1312.0,3146.0,7644.0,9288.0,22044.0
2022-10-03,474.0,176.0,1338.0,3192.0,7754.0,9404.0,22356.0
2022-10-04,388.0,130.0,1062.0,2612.0,6564.0,7906.0,18674.0
2022-10-05,472.0,134.0,1290.0,3074.0,8178.0,10324.0,23484.0
2022-10-06,524.0,130.0,1390.0,3530.0,9300.0,11648.0,26532.0
2022-10-07,570.0,152.0,1474.0,3842.0,10000.0,12654.0,28702.0
2022-10-08,576.0,156.0,1554.0,4102.0,10508.0,13204.0,30110.0
2022-10-09,576.0,158.0,1582.0,4140.0,10640.0,13340.0,30446.0
2022-10-10,578.0,152.0,1582.0,4158.0,10726.0,13470.0,30676.0
2022-10-11,706.0,204.0,2008.0,5236.0,13448.0,16910.0,38530.0
2022-10-12,626.0,194.0,1906.0,4918.0,12662.0,15804.0,36126.0
2022-10-13,626.0,196.0,1930.0,4770.0,12476.0,15654.0,35668.0
2022-10-14,606.0,182.0,1906.0,4718.0,12518.0,15618.0,35562.0
2022-10-15,642.0,176.0,1886.0,4696.0,12662.0,15866.0,35942.0
2022-10-16,640.0,172.0,1886.0,4694.0,12684.0,15912.0,36002.0
2022-10-17,642.0,176.0,1902.0,4692.0,12698.0,15864.0,35988.0
2022-10-18,630.0,178.0,1846.0,4668.0,12922.0,16084.0,36344.0
2022-10-19,664.0,192.0,1834.0,4754.0,13010.0,16256.0,36728.0
2022-10-20,626.0,196.0,1754.0,4660.0,12556.0,15814.0,35624.0
2022-10-21,610.0,198.0,1694.0,4566.0,12286.0,15346.0,34716.0
2022-10-22,570.0,202.0,1724.0,4376.0,11934.0,14862.0,33686.0
2022-10-23,576.0,204.0,1694.0,4378.0,11826.0,14684.0,33384.0
2022-10-24,562.0,206.0,1654.0,4346.0,11738.0,14652.0,33182.0
2022-10-25,568.0,208.0,1526.0,4118.0,10924.0,13466.0,30830.0
2022-10-26,498.0,188.0,1428.0,3930.0,10232.0,12300.0,28594.0
2022-10-27,462.0,192.0,1364.0,3710.0,9858.0,11604.0,27206.0
2022-10-28,464.0,176.0,1302.0,3490.0,9394.0,11064.0,25904.0
2022-10-29,440.0,174.0,1148.0,3370.0,8980.0,10468.0,24598.0
2022-10-30,422.0,180.0,1128.0,3318.0,8844.0,10342.0,24248.0
2022-10-31,416.0,170.0,1132.0,3302.0,8738.0,10214.0,23984.0
2022-11-01,358.0,132.0,992.0,2814.0,7272.0,8588.0,20164.0
2022-11-02,354.0,130.0,896.0,2444.0,6572.0,7872.0,18276.0
2022-11-03,356.0,120.0,928.0,2478.0,6584.0,7978.0,18452.0
2022-11-04,346.0,130.0,946.0,2416.0,6386.0,7770.0,18002.0
2022-11-05,354.0,136.0,976.0,2336.0,6222.0,7608.0,17636.0
2022-11-06,352.0,130.0,1006.0,2324.0,6222.0,7596.0,17634.0
2022-11-07,346.0,130.0,990.0,2312.0,6164.0,7468.0,17414.0
2022-11-08,362.0,130.0,1056.0,2398.0,6482.0,7788.0,18220.0
2022-11-09,354.0,116.0,1038.0,2422.0,6414.0,7732.0,18086.0
2022-11-10,346.0,100.0,948.0,2128.0,5898.0,7126.0,16556.0
2022-11-11,324.0,96.0,866.0,2042.0,5594.0,6746.0,15678.0
2022-11-12,294.0,88.0,800.0,2022.0,5486.0,6586.0,15284.0
2022-11-13,294.0,84.0,758.0,1994.0,5412.0,6496.0,15046.0
2022-11-14,300.0,84.0,760.0,1988.0,5384.0,6524.0,15048.0
2022-11-15,264.0,72.0,716.0,1916.0,5162.0,6336.0,14474.0
2022-11-16,256.0,82.0,742.0,1912.0,5028.0,6244.0,14266.0
2022-11-17,268.0,86.0,742.0,1936.0,4900.0,6042.0,13980.0
2022-11-18,254.0,80.0,770.0,1972.0,4876.0,6132.0,14090.0
2022-11-19,286.0,86.0,792.0,1966.0,4810.0,6072.0,14018.0
2022-11-20,286.0,92.0,816.0,1960.0,4822.0,6082.0,14064.0
2022-11-21,282.0,96.0,818.0,1948.0,4812.0,6014.0,13976.0
2022-11-22,280.0,110.0,854.0,1982.0,5000.0,6144.0,14374.0
2022-11-23,268.0,122.0,836.0,2022.0,5156.0,6158.0,14566.0
2022-11-24,240.0,124.0,836.0,2058.0,5218.0,6272.0,14752.0
2022-11-25,244.0,122.0,820.0,2014.0,5324.0,6410.0,14938.0
2022-11-26,218.0,114.0,816.0,2068.0,5448.0,6614.0,15284.0
2022-11-27,222.0,112.0,816.0,2084.0,5460.0,6672.0,15372.0
2022-11-28,228.0,112.0,842.0,2080.0,5528.0,6722.0,15518.0
2022-11-29,250.0,122.0,880.0,2220.0,5742.0,7128.0,16348.0
2022-11-30,260.0,110.0,940.0,2330.0,5900.0,7484.0,17030.0
2022-12-01,260.0,118.0,974.0,2462.0,6096.0,7810.0,17722.0
2022-12-02,270.0,116.0,1030.0,2626.0,6250.0,7964.0,18262.0
2022-12-03,290.0,112.0,1064.0,2686.0,6320.0,8028.0,18506.0
2022-12-04,286.0,110.0,1066.0,2690.0,6330.0,8032.0,18520.0
2022-12-05,284.0,104.0,1052.0,2714.0,6394.0,8162.0,18716.0
2022-12-06,278.0,100.0,1046.0,2766.0,6636.0,8396.0,19230.0
2022-12-07,284.0,98.0,1024.0,2840.0,6906.0,8644.0,19804.0
2022-12-08,306.0,84.0,1002.0,2870.0,7096.0,8878.0,20246.0
2022-12-09,298.0,94.0,1026.0,2802.0,7276.0,9164.0,20666.0
2022-12-10,296.0,90.0,1036.0,2878.0,7554.0,9528.0,21390.0
2022-12-11,296.0,94.0,1028.0,2896.0,7640.0,9694.0,21656.0
2022-12-12,306.0,96.0,1030.0,2920.0,7650.0,9682.0,21692.0
2022-12-13,318.0,88.0,1082.0,3082.0,8076.0,10148.0,22810.0
2022-12-14,324.0,90.0,1140.0,3156.0,8340.0,10680.0,23748.0
2022-12-15,320.0,106.0,1184.0,3200.0,8588.0,10890.0,24306.0
2022-12-16,332.0,92.0,1176.0,3326.0,8802.0,11046.0,24792.0
2022-12-17,330.0,90.0,1178.0,3350.0,8896.0,11192.0,25056.0
2022-12-18,336.0,94.0,1210.0,3358.0,8910.0,11226.0,25154.0
2022-12-19,316.0,94.0,1208.0,3368.0,8944.0,11300.0,25250.0
2022-12-20,316.0,104.0,1224.0,3358.0,9132.0,11614.0,25762.0
2022-12-21,300.0,112.0,1278.0,3446.0,9582.0,11902.0,26636.0
2022-12-22,310.0,118.0,1316.0,3590.0,9840.0,12120.0,27308.0
2022-12-23,314.0,126.0,1348.0,3610.0,10004.0,12382.0,27798.0
2022-12-24,330.0,132.0,1356.0,3640.0,10078.0,12526.0,28074.0
2022-12-25,334.0,122.0,1340.0,3608.0,10060.0,12394.0,27870.0
2022-12-26,346.0,120.0,1340.0,3576.0,10010.0,12266.0,27670.0
2022-12-27,264.0,86.0,1048.0,2794.0,7802.0,9448.0,21450.0
2022-12-28,338.0,88.0,1046.0,2852.0,8006.0,9914.0,22248.0
2022-12-29,378.0,82.0,1034.0,2758.0,7836.0,9972.0,22066.0
2022-12-30,404.0,78.0,1010.0,2686.0,7634.0,9804.0,21622.0
2022-12-31,386.0,82.0,984.0,2514.0,7334.0,9392.0,20694.0
2023-01-01,386.0,84.0,984.0,2534.0,7276.0,9370.0,20636.0
2023-01-02,378.0,88.0,980.0,2524.0,7190.0,9370.0,20532.0
2023-01-03,442.0,108.0,1218.0,3112.0,8866.0,11532.0,25284.0
2023-01-04,376.0,92.0,1122.0,2778.0,7854.0,10240.0,22468.0
2023-01-05,334.0,78.0,1074.0,2598.0,7370.0,9586.0,21046.0
2023-01-06,312.0,78.0,1030.0,2498.0,6974.0,9030.0,19932.0
2023-01-07,304.0,68.0,988.0,2398.0,6550.0,8398.0,18718.0
2023-01-08,298.0,74.0,976.0,2364.0,6472.0,8302.0,18498.0
2023-01-09,296.0,74.0,966.0,2332.0,6418.0,8170.0,18268.0
2023-01-10,308.0,82.0,934.0,2254.0,6052.0,7572.0,17212.0
2023-01-11,294.0,78.0,912.0,2114.0,5624.0,6932.0,15966.0
2023-01-12,278.0,76.0,846.0,1946.0,5272.0,6416.0,14848.0
2023-01-13,264.0,74.0,782.0,1770.0,4980.0,5842.0,13722.0
2023-01-14,262.0,86.0,766.0,1764.0,4954.0,5776.0,13618.0
2023-01-15,258.0,84.0,752.0,1754.0,4944.0,5654.0,13456.0
2023-01-16,262.0,88.0,744.0,1738.0,4922.0,5582.0,13346.0
2023-01-17,254.0,84.0,690.0,1536.0,4340.0,4992.0,11904.0
2023-01-18,258.0,92.0,616.0,1446.0,4040.0,4640.0,11098.0
2023-01-19,246.0,98.0,606.0,1410.0,3796.0,4368.0,10526.0
2023-01-20,240.0,100.0,604.0,1412.0,3586.0,4286.0,10234.0
2023-01-21,260.0,92.0,612.0,1342.0,3408.0,4102.0,9824.0
2023-01-22,268.0,92.0,608.0,1318.0,3356.0,4120.0,9770.0
2023-01-23,270.0,88.0,622.0,1320.0,3320.0,4148.0,9776.0
2023-01-24,260.0,104.0,620.0,1288.0,3192.0,3888.0,9360.0
2023-01-25,264.0,118.0,644.0,1304.0,3254.0,3922.0,9516.0
2023-01-26,278.0,124.0,652.0,1274.0,3286.0,3908.0,9534.0
2023-01-27,278.0,134.0,718.0,1330.0,3388.0,3968.0,9824.0
2023-01-28,272.0,152.0,716.0,1398.0,3500.0,4128.0,10170.0
2023-01-29,268.0,150.0,722.0,1422.0,3506.0,4144.0,10218.0
2023-01-30,260.0,156.0,722.0,1432.0,3536.0,4176.0,10288.0
2023-01-31,280.0,154.0,762.0,1510.0,3656.0,4282.0,10650.0
2023-02-01,288.0,138.0,810.0,1578.0,3830.0,4378.0,11026.0
2023-02-02,288.0,140.0,854.0,1670.0,3938.0,4652.0,11544.0
2023-02-03,284.0,138.0,838.0,1728.0,4002.0,4646.0,11638.0
2023-02-04,282.0,138.0,910.0,1788.0,4152.0,4830.0,12104.0
2023-02-05,284.0,136.0,914.0,1812.0,4192.0,4864.0,12204.0
2023-02-06,294.0,130.0,912.0,1838.0,4212.0,4866.0,12254.0
2023-02-07,330.0,130.0,928.0,1958.0,4474.0,5254.0,13078.0
2023-02-08,326.0,144.0,894.0,2044.0,4526.0,5462.0,13418.0
2023-02-09,334.0,142.0,896.0,2104.0,4758.0,5562.0,13818.0
2023-02-10,336.0,154.0,918.0,2144.0,4940.0,5832.0,14346.0
2023-02-11,338.0,150.0,902.0,2176.0,4984.0,5866.0,14436.0
2023-02-12,338.0,154.0,916.0,2176.0,5024.0,5932.0,14560.0
2023-02-13,338.0,152.0,936.0,2186.0,5024.0,6026.0,14682.0
2023-02-14,296.0,150.0,1002.0,2310.0,5402.0,6414.0,15592.0
2023-02-15,318.0,142.0,1094.0,2440.0,5748.0,6696.0,16440.0
2023-02-16,330.0,144.0,1136.0,2548.0,6012.0,7060.0,17232.0
2023-02-17,346.0,122.0,1164.0,2614.0,6200.0,7264.0,17712.0
2023-02-18,348.0,110.0,1172.0,2660.0,6432.0,7564.0,18288.0
2023-02-19,344.0,110.0,1164.0,2642.0,6430.0,7608.0,18300.0
2023-02-20,348.0,110.0,1146.0,2654.0,6530.0,7692.0,18482.0
2023-02-21,376.0,100.0,1110.0,2642.0,6556.0,7594.0,18380.0
2023-02-22,390.0,102.0,1140.0,2604.0,6738.0,7980.0,18954.0
2023-02-23,386.0,98.0,1186.0,2702.0,6832.0,8142.0,19356.0
2023-02-24,396.0,108.0,1238.0,2696.0,7002.0,8212.0,19664.0
2023-02-25,400.0,104.0,1270.0,2724.0,7048.0,8152.0,19710.0
2023-02-26,410.0,108.0,1266.0,2752.0,7094.0,8164.0,19806.0
2023-02-27,398.0,110.0,1272.0,2752.0,7058.0,8106.0,19708.0
2023-02-28,402.0,114.0,1394.0,2848.0,7244.0,8444.0,20460.0
2023-03-01,412.0,122.0,1372.0,2910.0,7012.0,8124.0,19970.0
2023-03-02,394.0,116.0,1298.0,2768.0,6758.0,7772.0,19116.0
2023-03-03,376.0,122.0,1224.0,2684.0,6388.0,7566.0,18368.0
2023-03-04,376.0,132.0,1124.0,2566.0,6168.0,7432.0,17808.0
2023-03-05,370.0,130.0,1112.0,2520.0,6118.0,7358.0,17618.0
2023-03-06,376.0,126.0,1094.0,2490.0,6112.0,7266.0,17474.0
2023-03-07,386.0,140.0,940.0,2290.0,5860.0,7090.0,16716.0
2023-03-08,366.0,128.0,848.0,2090.0,5854.0,7098.0,16394.0
2023-03-09,392.0,128.0,836.0,2028.0,5798.0,7012.0,16202.0
2023-03-10,412.0,114.0,848.0,2036.0,5990.0,7270.0,16680.0
2023-03-11,414.0,116.0,892.0,2074.0,6088.0,7436.0,17030.0
2023-03-12,420.0,112.0,914.0,2108.0,6118.0,7462.0,17144.0
2023-03-13,418.0,116.0,920.0,2114.0,6134.0,7518.0,17230.0
2023-03-14,404.0,100.0,908.0,2176.0,6396.0,7876.0,17870.0
2023-03-15,394.0,106.0,964.0,2336.0,6458.0,8038.0,18302.0
2023-03-16,388.0,104.0,960.0,2332.0,6610.0,8324.0,18726.0
2023-03-17,380.0,110.0,924.0,2338.0,6586.0,8324.0,18668.0
2023-03-18,370.0,98.0,878.0,2338.0,6550.0,8310.0,18550.0
2023-03-19,362.0,102.0,868.0,2310.0,6528.0,8354.0,18530.0
2023-03-20,362.0,98.0,856.0,2286.0,6528.0,8322.0,18458.0
2023-03-21,360.0,96.0,816.0,2208.0,6368.0,8184.0,18040.0
2023-03-22,342.0,86.0,756.0,2072.0,6132.0,7960.0,17356.0
2023-03-23,332.0,98.0,734.0,2028.0,6020.0,7680.0,16900.0
2023-03-24,328.0,92.0,692.0,1928.0,5824.0,7406.0,16280.0
2023-03-25,326.0,94.0,672.0,1812.0,5722.0,7172.0,15806.0
2023-03-26,320.0,88.0,660.0,1812.0,5662.0,7028.0,15578.0
2023-03-27,314.0,90.0,656.0,1818.0,5562.0,6998.0,15446.0
2023-03-28,278.0,78.0,602.0,1660.0,5182.0,6532.0,14340.0
2023-03-29,280.0,72.0,558.0,1480.0,4946.0,6104.0,13448.0
2023-03-30,260.0,58.0,512.0,1412.0,4622.0,5878.0,12748.0
2023-03-31,244.0,58.0,472.0,1392.0,4436.0,5546.0,12152.0
2023-04-01,242.0,56.0,452.0,1350.0,4230.0,5320.0,11656.0
2023-04-02,244.0,56.0,448.0,1334.0,4204.0,5330.0,11622.0
2023-04-03,244.0,54.0,450.0,1318.0,4196.0,5270.0,11538.0
2023-04-04,230.0,62.0,454.0,1240.0,3904.0,4800.0,10692.0
2023-04-05,234.0,66.0,462.0,1228.0,3782.0,4638.0,10414.0
2023-04-06,236.0,70.0,442.0,1132.0,3642.0,4368.0,9894.0
2023-04-07,214.0,62.0,448.0,1032.0,3460.0,4246.0,9466.0
2023-04-08,182.0,54.0,412.0,894.0,2992.0,3662.0,8198.0
2023-04-09,178.0,52.0,416.0,878.0,2990.0,3646.0,8162.0
2023-04-10,180.0,52.0,418.0,876.0,2954.0,3638.0,8120.0
2023-04-11,120.0,30.0,284.0,580.0,1982.0,2428.0,5426.0
2023-04-12,134.0,22.0,280.0,702.0,2544.0,3318.0,7004.0
2023-04-13,136.0,14.0,280.0,738.0,2552.0,3408.0,7132.0
2023-04-14,152.0,12.0,258.0,764.0,2540.0,3578.0,7310.0
2023-04-15,166.0,16.0,272.0,880.0,2840.0,4014.0,8196.0
2023-04-16,172.0,16.0,266.0,886.0,2822.0,3934.0,8104.0
2023-04-17,178.0,16.0,254.0,874.0,2816.0,3888.0,8034.0
2023-04-18,226.0,24.0,336.0,1064.0,3456.0,4770.0,9886.0
2023-04-19,182.0,26.0,280.0,862.0,2768.0,3704.0,7828.0
2023-04-20,162.0,28.0,236.0,806.0,2672.0,3472.0,7382.0
2023-04-21,154.0,30.0,216.0,792.0,2590.0,3208.0,6996.0
2023-04-22,158.0,28.0,224.0,734.0,2542.0,3068.0,6758.0
2023-04-23,156.0,30.0,218.0,728.0,2518.0,3050.0,6704.0
2023-04-24,148.0,30.0,224.0,736.0,2500.0,3056.0,6698.0
2023-04-25,142.0,42.0,198.0,692.0,2364.0,2918.0,6358.0
2023-04-26,144.0,44.0,192.0,668.0,2240.0,2820.0,6110.0
2023-04-27,154.0,40.0,196.0,676.0,2098.0,2746.0,5916.0
2023-04-28,160.0,36.0,192.0,596.0,2032.0,2618.0,5638.0
2023-04-29,146.0,36.0,172.0,604.0,1968.0,2590.0,5520.0
2023-04-30,144.0,34.0,178.0,602.0,1978.0,2626.0,5566.0
2023-05-01,146.0,36.0,174.0,596.0,1980.0,2596.0,5532.0
2023-05-02,104.0,22.0,120.0,446.0,1436.0,1788.0,3920.0
2023-05-03,128.0,16.0,134.0,540.0,1668.0,2138.0,4628.0
2023-05-04,120.0,18.0,132.0,492.0,1704.0,2198.0,4664.0
2023-05-05,98.0,22.0,138.0,510.0,1698.0,2232.0,4698.0
2023-05-06,106.0,28.0,140.0,494.0,1708.0,2216.0,4694.0
2023-05-07,102.0,28.0,136.0,486.0,1714.0,2184.0,4652.0
2023-05-08,100.0,28.0,144.0,472.0,1688.0,2172.0,4606.0
2023-05-09,148.0,28.0,180.0,602.0,2114.0,2692.0,5766.0
2023-05-10,114.0,26.0,158.0,466.0,1820.0,2182.0,4770.0
2023-05-11,108.0,20.0,152.0,452.0,1724.0,1974.0,4434.0
2023-05-12,110.0,20.0,140.0,426.0,1646.0,1836.0,4188.0
2023-05-13,96.0,14.0,136.0,418.0,1584.0,1784.0,4064.0
2023-05-14,102.0,14.0,132.0,424.0,1556.0,1774.0,4034.0
2023-05-15,98.0,12.0,126.0,426.0,1568.0,1742.0,4004.0
2023-05-16,82.0,10.0,114.0,364.0,1450.0,1618.0,3670.0
2023-05-17,80.0,10.0,90.0,346.0,1294.0,1534.0,3384.0
2023-05-18,88.0,10.0,90.0,352.0,1286.0,1542.0,3398.0
2023-05-19,80.0,6.0,76.0,304.0,1092.0,1338.0,2920.0
2023-05-20,90.0,4.0,72.0,304.0,1068.0,1260.0,2798.0
2023-05-21,84.0,4.0,72.0,298.0,1058.0,1268.0,2784.0
2023-05-22,84.0,4.0,68.0,298.0,1044.0,1282.0,2780.0
2023-05-23,76.0,8.0,72.0,306.0,1094.0,1294.0,2850.0
2023-05-24,76.0,10.0,82.0,304.0,1082.0,1260.0,2814.0
2023-05-25,62.0,10.0,74.0,270.0,1026.0,1246.0,2688.0
2023-05-26,68.0,10.0,74.0,298.0,1146.0,1366.0,2964.0
2023-05-27,54.0,10.0,72.0,278.0,1098.0,1296.0,2810.0
2023-05-28,54.0,10.0,76.0,282.0,1086.0,1264.0,2774.0
2023-05-29,58.0,10.0,78.0,278.0,1078.0,1242.0,2746.0
2023-05-30,30.0,2.0,46.0,180.0,674.0,798.0,1732.0
2023-05-31,46.0,2.0,52.0,180.0,770.0,862.0,1914.0
2023-06-01,52.0,4.0,60.0,190.0,734.0,780.0,1822.0
2023-06-02,52.0,4.0,68.0,204.0,730.0,762.0,1824.0
2023-06-03,56.0,8.0,76.0,184.0,686.0,754.0,1768.0
2023-06-04,58.0,8.0,72.0,176.0,690.0,748.0,1756.0
2023-06-05,54.0,8.0,72.0,176.0,692.0,752.0,1758.0
2023-06-06,62.0,14.0,90.0,218.0,892.0,962.0,2244.0
2023-06-07,38.0,18.0,74.0,206.0,702.0,790.0,1834.0
2023-06-08,34.0,16.0,66.0,186.0,674.0,740.0,1722.0
2023-06-09,32.0,18.0,58.0,142.0,598.0,672.0,1522.0
2023-06-10,34.0,14.0,54.0,160.0,610.0,654.0,1528.0
2023-06-11,32.0,14.0,56.0,164.0,606.0,666.0,1540.0
2023-06-12,34.0,14.0,56.0,172.0,614.0,668.0,1560.0
2023-06-13,34.0,12.0,50.0,180.0,546.0,642.0,1464.0
2023-06-14,30.0,8.0,50.0,164.0,542.0,632.0,1426.0
2023-06-15,28.0,8.0,46.0,174.0,500.0,606.0,1362.0
2023-06-16,30.0,10.0,48.0,182.0,552.0,632.0,1454.0
2023-06-17,26.0,10.0,44.0,166.0,532.0,596.0,1374.0
2023-06-18,26.0,10.0,42.0,162.0,522.0,594.0,1356.0
2023-06-19,24.0,10.0,40.0,156.0,502.0,584.0,1316.0
2023-06-20,20.0,10.0,50.0,132.0,476.0,528.0,1218.0
2023-06-21,20.0,10.0,48.0,110.0,420.0,458.0,1068.0
2023-06-22,28.0,10.0,44.0,96.0,422.0,442.0,1044.0
2023-06-23,26.0,6.0,44.0,94.0,364.0,390.0,926.0
2023-06-24,24.0,6.0,44.0,92.0,324.0,368.0,860.0
2023-06-25,28.0,6.0,44.0,92.0,330.0,356.0,858.0
2023-06-26,28.0,6.0,44.0,90.0,332.0,358.0,860.0
2023-06-27,36.0,2.0,32.0,98.0,276.0,278.0,722.0
2023-06-28,38.0,2.0,28.0,98.0,264.0,270.0,700.0
2023-06-29,32.0,4.0,38.0,94.0,242.0,264.0,674.0
2023-06-30,30.0,4.0,36.0,92.0,230.0,278.0,670.0
2023-07-01,32.0,4.0,34.0,92.0,260.0,292.0,714.0
2023-07-02,28.0,4.0,34.0,96.0,260.0,290.0,712.0
2023-07-03,30.0,4.0,34.0,96.0,260.0,286.0,710.0
2023-07-04,22.0,8.0,36.0,74.0,242.0,274.0,656.0
2023-07-05,20.0,8.0,36.0,82.0,246.0,264.0,656.0
2023-07-06,16.0,6.0,30.0,70.0,238.0,256.0,616.0
2023-07-07,16.0,8.0,28.0,76.0,232.0,230.0,590.0
2023-07-08,14.0,8.0,30.0,70.0,194.0,214.0,530.0
2023-07-09,14.0,8.0,30.0,66.0,188.0,218.0,524.0
2023-07-10,14.0,8.0,30.0,66.0,182.0,218.0,518.0
2023-07-11,22.0,6.0,30.0,66.0,198.0,232.0,554.0
2023-07-12,26.0,4.0,36.0,76.0,204.0,252.0,598.0
2023-07-13,30.0,6.0,40.0,82.0,204.0,248.0,610.0
2023-07-14,34.0,4.0,48.0,86.0,206.0,260.0,638.0
2023-07-15,34.0,4.0,48.0,88.0,228.0,268.0,670.0
2023-07-16,34.0,4.0,48.0,90.0,232.0,268.0,676.0
2023-07-17,32.0,4.0,48.0,90.0,240.0,264.0,678.0
2023-07-18,42.0,6.0,36.0,102.0,260.0,298.0,744.0
2023-07-19,40.0,6.0,36.0,82.0,264.0,284.0,712.0
2023-07-20,42.0,4.0,34.0,82.0,266.0,274.0,702.0
2023-07-21,38.0,4.0,32.0,80.0,274.0,280.0,708.0
2023-07-22,40.0,6.0,28.0,74.0,280.0,280.0,708.0
2023-07-23,40.0,6.0,28.0,74.0,280.0,290.0,718.0
2023-07-24,42.0,6.0,30.0,78.0,276.0,292.0,724.0
2023-07-25,32.0,4.0,38.0,74.0,290.0,318.0,756.0
2023-07-26,32.0,4.0,36.0,88.0,302.0,358.0,820.0
2023-07-27,34.0,4.0,32.0,92.0,318.0,396.0,876.0
2023-07-28,36.0,6.0,32.0,110.0,318.0,424.0,926.0
2023-07-29,38.0,4.0,40.0,122.0,316.0,424.0,944.0
2023-07-30,38.0,4.0,42.0,134.0,320.0,426.0,964.0
2023-07-31,38.0,4.0,42.0,136.0,316.0,430.0,966.0
2023-08-01,60.0,4.0,54.0,156.0,328.0,432.0,1034.0
2023-08-02,66.0,4.0,64.0,164.0,370.0,438.0,1106.0
2023-08-03,60.0,6.0,62.0,180.0,388.0,438.0,1134.0
2023-08-04,58.0,4.0,60.0,174.0,402.0,418.0,1116.0
2023-08-05,58.0,8.0,56.0,172.0,434.0,434.0,1162.0
2023-08-06,58.0,8.0,56.0,158.0,438.0,426.0,1144.0
2023-08-07,56.0,8.0,56.0,160.0,444.0,430.0,1154.0
2023-08-08,30.0,10.0,52.0,164.0,474.0,466.0,1196.0
2023-08-09,32.0,14.0,50.0,168.0,472.0,512.0,1248.0
2023-08-10,48.0,12.0,60.0,162.0,484.0,544.0,1310.0
2023-08-11,64.0,14.0,66.0,168.0,528.0,596.0,1436.0
2023-08-12,64.0,10.0,74.0,180.0,536.0,650.0,1514.0
2023-08-13,64.0,10.0,72.0,182.0,534.0,658.0,1520.0
2023-08-14,66.0,10.0,76.0,176.0,536.0,676.0,1540.0
2023-08-15,98.0,10.0,86.0,226.0,598.0,862.0,1880.0
2023-08-16,104.0,10.0,84.0,248.0,644.0,894.0,1984.0
2023-08-17,96.0,18.0,88.0,284.0,748.0,984.0,2218.0
2023-08-18,96.0,22.0,100.0,300.0,796.0,1092.0,2406.0
2023-08-19,102.0,24.0,110.0,304.0,842.0,1152.0,2534.0
2023-08-20,110.0,24.0,114.0,310.0,854.0,1162.0,2574.0
2023-08-21,112.0,24.0,108.0,314.0,870.0,1152.0,2580.0
2023-08-22,122.0,24.0,130.0,348.0,992.0,1168.0,2784.0
2023-08-23,146.0,22.0,150.0,378.0,1046.0,1310.0,3052.0
2023-08-24,154.0,18.0,166.0,370.0,1022.0,1326.0,3056.0
2023-08-25,172.0,14.0,166.0,384.0,1020.0,1338.0,3094.0
2023-08-26,184.0,24.0,166.0,414.0,1052.0,1348.0,3190.0
2023-08-27,180.0,24.0,164.0,412.0,1046.0,1352.0,3180.0
2023-08-28,176.0,24.0,168.0,410.0,1026.0,1360.0,3166.0
2023-08-29,168.0,30.0,184.0,388.0,1016.0,1404.0,3192.0
2023-08-30,146.0,28.0,178.0,376.0,1044.0,1292.0,3066.0
2023-08-31,154.0,30.0,194.0,380.0,1060.0,1292.0,3112.0
2023-09-01,130.0,40.0,194.0,380.0,1072.0,1282.0,3100.0
2023-09-02,130.0,28.0,186.0,368.0,1098.0,1288.0,3098.0
2023-09-03,126.0,28.0,186.0,366.0,1090.0,1294.0,3090.0
2023-09-04,128.0,28.0,182.0,364.0,1104.0,1310.0,3116.0
2023-09-05,130.0,22.0,202.0,360.0,1104.0,1332.0,3150.0
2023-09-06,138.0,26.0,220.0,392.0,1186.0,1440.0,3402.0
2023-09-07,146.0,22.0,222.0,412.0,1248.0,1546.0,3596.0
2023-09-08,170.0,18.0,240.0,414.0,1366.0,1686.0,3894.0
2023-09-09,178.0,18.0,274.0,444.0,1408.0,1836.0,4158.0
2023-09-10,182.0,18.0,274.0,446.0,1430.0,1826.0,4176.0
2023-09-11,186.0,18.0,276.0,450.0,1430.0,1822.0,4182.0
2023-09-12,218.0,26.0,276.0,506.0,1576.0,2024.0,4628.0
2023-09-13,232.0,26.0,264.0,508.0,1618.0,2110.0,4764.0
2023-09-14,218.0,28.0,270.0,506.0,1596.0,2096.0,4720.0
2023-09-15,216.0,24.0,272.0,520.0,1554.0,1992.0,4584.0
2023-09-16,208.0,28.0,252.0,488.0,1550.0,1884.0,4416.0
2023-09-17,206.0,30.0,260.0,494.0,1554.0,1906.0,4456.0
2023-09-18,200.0,30.0,260.0,502.0,1562.0,1902.0,4462.0
2023-09-19,188.0,28.0,234.0,520.0,1600.0,1812.0,4386.0
2023-09-20,176.0,28.0,234.0,542.0,1564.0,1822.0,4366.0
2023-09-21,168.0,32.0,194.0,538.0,1548.0,1854.0,4334.0
2023-09-22,168.0,32.0,176.0,532.0,1582.0,1954.0,4444.0
2023-09-23,166.0,32.0,168.0,546.0,1572.0,1992.0,4476.0
2023-09-24,166.0,30.0,158.0,542.0,1566.0,1978.0,4440.0
2023-09-25,178.0,30.0,158.0,534.0,1556.0,1974.0,4430.0
2023-09-26,148.0,26.0,136.0,486.0,1608.0,2038.0,4442.0
2023-09-27,146.0,28.0,152.0,452.0,1630.0,2082.0,4490.0
2023-09-28,164.0,24.0,168.0,442.0,1682.0,2104.0,4584.0
2023-09-29,154.0,26.0,160.0,478.0,1728.0,2144.0,4690.0
2023-09-30,166.0,28.0,164.0,498.0,1754.0,2238.0,4848.0
2023-10-01,170.0,28.0,164.0,496.0,1756.0,2266.0,4880.0
2023-10-02,160.0,28.0,168.0,496.0,1760.0,2292.0,4904.0
2023-10-03,192.0,26.0,218.0,556.0,1882.0,2392.0,5266.0
2023-10-04,166.0,22.0,168.0,468.0,1604.0,2016.0,4444.0
2023-10-05,208.0,24.0,208.0,578.0,2010.0,2516.0,5544.0
2023-10-06,212.0,24.0,238.0,582.0,2138.0,2716.0,5912.0
2023-10-07,218.0,22.0,248.0,598.0,2244.0,2860.0,6192.0
2023-10-08,218.0,22.0,252.0,604.0,2258.0,2860.0,6216.0
2023-10-09,226.0,22.0,250.0,620.0,2286.0,2866.0,6272.0
2023-10-10,248.0,26.0,244.0,632.0,2396.0,3208.0,6758.0
2023-10-11,300.0,24.0,318.0,792.0,2842.0,3790.0,8070.0
2023-10-12,266.0,22.0,286.0,746.0,2638.0,3512.0,7474.0
2023-10-13,286.0,20.0,294.0,742.0,2642.0,3496.0,7482.0
2023-10-14,262.0,20.0,306.0,774.0,2748.0,3550.0,7662.0
2023-10-15,266.0,20.0,308.0,774.0,2764.0,3560.0,7694.0
2023-10-16,258.0,20.0,308.0,760.0,2782.0,3564.0,7694.0
2023-10-17,268.0,20.0,316.0,808.0,2902.0,3770.0,8084.0
2023-10-18,266.0,20.0,312.0,806.0,2916.0,3858.0,8178.0
2023-10-19,286.0,18.0,328.0,836.0,2936.0,3898.0,8302.0
2023-10-20,288.0,14.0,316.0,864.0,2990.0,4048.0,8520.0
2023-10-21,298.0,14.0,326.0,874.0,3038.0,4132.0,8684.0
2023-10-22,292.0,14.0,326.0,882.0,3052.0,4144.0,8714.0
2023-10-23,300.0,18.0,330.0,900.0,3062.0,4210.0,8824.0
2023-10-24,330.0,24.0,382.0,1016.0,3494.0,4878.0,10128.0
2023-10-25,344.0,32.0,410.0,1172.0,3852.0,5236.0,11050.0
2023-10-26,322.0,36.0,414.0,1224.0,4168.0,5742.0,11910.0
2023-10-27,322.0,46.0,446.0,1294.0,4554.0,6010.0,12676.0
2023-10-28,352.0,52.0,436.0,1348.0,4738.0,6242.0,13170.0
2023-10-29,356.0,52.0,438.0,1346.0,4738.0,6252.0,13182.0
2023-10-30,352.0,50.0,436.0,1344.0,4766.0,6230.0,13178.0
2023-10-31,354.0,54.0,424.0,1382.0,4868.0,6364.0,13446.0
2023-11-01,336.0,60.0,388.0,1284.0,4664.0,6258.0,12992.0
2023-11-02,344.0,68.0,416.0,1314.0,4656.0,6254.0,13058.0
2023-11-03,384.0,72.0,454.0,1480.0,4850.0,6760.0,14006.0
2023-11-04,408.0,72.0,506.0,1510.0,4892.0,6822.0,14218.0
2023-11-05,416.0,76.0,512.0,1518.0,4880.0,6852.0,14262.0
2023-11-06,420.0,76.0,514.0,1522.0,4856.0,6850.0,14246.0
2023-11-07,456.0,76.0,506.0,1652.0,5226.0,6992.0,14922.0
2023-11-08,468.0,68.0,496.0,1634.0,5322.0,7002.0,15018.0
2023-11-09,518.0,72.0,500.0,1690.0,5560.0,7304.0,15670.0
2023-11-10,504.0,68.0,506.0,1524.0,5434.0,7000.0,15062.0
2023-11-11,486.0,64.0,458.0,1480.0,5420.0,6948.0,14884.0
2023-11-12,482.0,60.0,448.0,1470.0,5476.0,6978.0,14942.0
2023-11-13,480.0,62.0,446.0,1450.0,5476.0,7008.0,14950.0
2023-11-14,436.0,68.0,448.0,1374.0,5274.0,6942.0,14586.0
2023-11-15,440.0,74.0,488.0,1460.0,5484.0,7234.0,15210.0
2023-11-16,436.0,68.0,476.0,1436.0,5318.0,6926.0,14702.0
2023-11-17,444.0,74.0,440.0,1528.0,5306.0,6904.0,14738.0
2023-11-18,468.0,72.0,456.0,1588.0,5358.0,6922.0,14902.0
2023-11-19,468.0,72.0,466.0,1602.0,5336.0,6866.0,14848.0
2023-11-20,464.0,68.0,468.0,1622.0,5340.0,6842.0,14842.0
2023-11-21,504.0,76.0,526.0,1704.0,5632.0,7126.0,15586.0
2023-11-22,526.0,92.0,592.0,1782.0,5910.0,7428.0,16356.0
2023-11-23,518.0,94.0,656.0,1844.0,5938.0,7436.0,16500.0
2023-11-24,512.0,98.0,650.0,1822.0,5806.0,7380.0,16282.0
2023-11-25,486.0,108.0,672.0,1872.0,5830.0,7454.0,16436.0
2023-11-26,496.0,108.0,668.0,1882.0,5818.0,7488.0,16474.0
2023-11-27,502.0,108.0,674.0,1884.0,5820.0,7506.0,16508.0
2023-11-28,516.0,108.0,682.0,1852.0,5794.0,7322.0,16286.0
2023-11-29,542.0,106.0,662.0,1872.0,5688.0,7236.0,16110.0
2023-11-30,544.0,104.0,618.0,1826.0,5850.0,7318.0,16272.0
2023-12-01,550.0,102.0,618.0,1748.0,6008.0,7392.0,16430.0
2023-12-02,576.0,108.0,626.0,1696.0,5974.0,7516.0,16512.0
2023-12-03,568.0,112.0,630.0,1688.0,5972.0,7496.0,16482.0
2023-12-04,562.0,112.0,630.0,1676.0,5980.0,7476.0,16452.0
2023-12-05,526.0,108.0,658.0,1646.0,5908.0,7322.0,16186.0
2023-12-06,544.0,90.0,680.0,1682.0,6188.0,7474.0,16716.0
2023-12-07,546.0,96.0,702.0,1814.0,6374.0,7652.0,17232.0
2023-12-08,570.0,90.0,746.0,2048.0,6546.0,7934.0,17990.0
2023-12-09,590.0,82.0,776.0,2182.0,6890.0,8060.0,18632.0
2023-12-10,592.0,78.0,778.0,2176.0,6934.0,8112.0,18722.0
2023-12-11,602.0,78.0,786.0,2192.0,6966.0,8156.0,18832.0
2023-12-12,704.0,104.0,818.0,2512.0,7540.0,9114.0,20852.0
2023-12-13,672.0,112.0,826.0,2586.0,7550.0,9362.0,21128.0
2023-12-14,712.0,116.0,854.0,2572.0,7690.0,9550.0,21514.0
2023-12-15,706.0,120.0,884.0,2558.0,7720.0,9644.0,21742.0
2023-12-16,710.0,126.0,870.0,2476.0,7738.0,9702.0,21740.0
2023-12-17,698.0,126.0,872.0,2494.0,7724.0,9700.0,21732.0
2023-12-18,708.0,128.0,870.0,2498.0,7682.0,9688.0,21692.0
2023-12-19,688.0,122.0,868.0,2376.0,7608.0,9270.0,21042.0
2023-12-20,706.0,126.0,878.0,2314.0,7546.0,9070.0,20748.0
2023-12-21,692.0,124.0,834.0,2260.0,7258.0,8914.0,20196.0
2023-12-22,686.0,136.0,818.0,2172.0,7072.0,8574.0,19476.0
2023-12-23,662.0,132.0,806.0,2200.0,6700.0,8242.0,18752.0
2023-12-24,676.0,132.0,798.0,2186.0,6678.0,8244.0,18724.0
2023-12-25,662.0,130.0,780.0,2154.0,6666.0,8196.0,18598.0
2023-12-26,470.0,84.0,538.0,1500.0,4482.0,5750.0,12832.0
2023-12-27,370.0,64.0,366.0,1080.0,3186.0,4150.0,9224.0
2023-12-28,472.0,80.0,486.0,1432.0,4250.0,5562.0,12284.0
2023-12-29,480.0,70.0,432.0,1430.0,4228.0,5638.0,12282.0
2023-12-30,488.0,82.0,412.0,1296.0,4188.0,5644.0,12116.0
2023-12-31,492.0,84.0,408.0,1306.0,4174.0,5602.0,12072.0
2024-01-01,500.0,84.0,412.0,1320.0,4186.0,5628.0,12136.0
2024-01-02,484.0,84.0,418.0,1322.0,4174.0,5572.0,12060.0
2024-01-03,710.0,104.0,586.0,1872.0,5908.0,7858.0,17054.0
2024-01-04,578.0,80.0,470.0,1436.0,4522.0,6162.0,13266.0
2024-01-05,536.0,74.0,456.0,1308.0,4136.0,5632.0,12156.0
2024-01-06,486.0,62.0,418.0,1256.0,3852.0,5206.0,11292.0
2024-01-07,474.0,66.0,414.0,1222.0,3812.0,5114.0,11114.0
2024-01-08,464.0,66.0,412.0,1222.0,3764.0,5038.0,10978.0
2024-01-09,540.0,80.0,476.0,1412.0,4446.0,5908.0,12874.0
2024-01-10,350.0,66.0,340.0,992.0,3146.0,4012.0,8908.0
2024-01-11,324.0,72.0,284.0,856.0,2814.0,3304.0,7656.0
2024-01-12,328.0,64.0,264.0,776.0,2560.0,2980.0,6976.0
2024-01-13,306.0,52.0,250.0,734.0,2400.0,2756.0,6502.0
2024-01-14,300.0,46.0,252.0,752.0,2388.0,2774.0,6516.0
2024-01-15,294.0,46.0,248.0,740.0,2370.0,2752.0,6454.0
2024-01-16,282.0,42.0,246.0,708.0,2174.0,2536.0,5996.0
2024-01-17,276.0,42.0,236.0,640.0,2014.0,2440.0,5656.0
2024-01-18,248.0,30.0,216.0,572.0,1844.0,2348.0,5264.0
2024-01-19,228.0,32.0,204.0,552.0,1754.0,2238.0,5012.0
2024-01-20,224.0,34.0,210.0,556.0,1700.0,2218.0,4948.0
2024-01-21,226.0,36.0,206.0,536.0,1698.0,2192.0,4900.0
2024-01-22,230.0,38.0,210.0,530.0,1704.0,2206.0,4924.0
2024-01-23,214.0,44.0,210.0,508.0,1600.0,1980.0,4560.0
2024-01-24,208.0,52.0,216.0,528.0,1528.0,1888.0,4424.0
2024-01-25,212.0,54.0,204.0,562.0,1476.0,1814.0,4326.0
2024-01-26,196.0,52.0,212.0,518.0,1490.0,1730.0,4204.0
2024-01-27,196.0,54.0,186.0,506.0,1450.0,1680.0,4076.0
2024-01-28,192.0,52.0,186.0,506.0,1442.0,1678.0,4060.0
2024-01-29,190.0,52.0,182.0,504.0,1438.0,1664.0,4034.0
2024-01-30,172.0,42.0,144.0,484.0,1406.0,1664.0,3914.0
2024-01-31,170.0,34.0,138.0,470.0,1354.0,1606.0,3776.0
2024-02-01,164.0,36.0,134.0,440.0,1360.0,1602.0,3740.0
2024-02-02,168.0,40.0,100.0,466.0,1334.0,1596.0,3706.0
2024-02-03,170.0,38.0,96.0,436.0,1388.0,1536.0,3666.0
2024-02-04,170.0,38.0,96.0,440.0,1398.0,1534.0,3678.0
2024-02-05,170.0,36.0,98.0,442.0,1388.0,1530.0,3666.0
2024-02-06,170.0,48.0,100.0,422.0,1296.0,1446.0,3484.0
2024-02-07,160.0,48.0,82.0,396.0,1260.0,1422.0,3368.0
2024-02-08,140.0,42.0,90.0,378.0,1202.0,1392.0,3244.0
2024-02-09,122.0,38.0,98.0,346.0,1118.0,1304.0,3026.0
2024-02-10,116.0,34.0,108.0,346.0,1036.0,1294.0,2934.0
2024-02-11,116.0,34.0,112.0,348.0,1020.0,1312.0,2942.0
2024-02-12,114.0,34.0,112.0,346.0,1020.0,1310.0,2936.0
2024-02-13,98.0,20.0,94.0,306.0,892.0,1098.0,2508.0
2024-02-14,98.0,20.0,114.0,308.0,866.0,1088.0,2494.0
2024-02-15,106.0,22.0,102.0,314.0,832.0,1016.0,2392.0
2024-02-16,110.0,20.0,114.0,294.0,800.0,984.0,2322.0
2024-02-17,104.0,28.0,114.0,274.0,764.0,948.0,2232.0
2024-02-18,102.0,28.0,110.0,268.0,774.0,926.0,2208.0
2024-02-19,106.0,32.0,108.0,270.0,772.0,918.0,2206.0
2024-02-20,104.0,34.0,108.0,266.0,742.0,954.0,2208.0
2024-02-21,92.0,28.0,92.0,238.0,700.0,864.0,2014.0
2024-02-22,78.0,26.0,86.0,208.0,658.0,814.0,1870.0
2024-02-23,60.0,24.0,60.0,226.0,634.0,792.0,1796.0
2024-02-24,64.0,16.0,46.0,210.0,604.0,732.0,1672.0
2024-02-25,64.0,16.0,48.0,208.0,588.0,728.0,1652.0
2024-02-26,58.0,12.0,48.0,208.0,590.0,724.0,1640.0
2024-02-27,46.0,6.0,38.0,174.0,530.0,610.0,1404.0
2024-02-28,40.0,12.0,32.0,178.0,482.0,574.0,1318.0
2024-02-29,42.0,8.0,28.0,186.0,466.0,558.0,1290.0
2024-03-01,50.0,8.0,36.0,150.0,468.0,524.0,1238.0
2024-03-02,42.0,10.0,38.0,154.0,424.0,512.0,1182.0
2024-03-03,42.0,10.0,36.0,152.0,424.0,514.0,1180.0
2024-03-04,42.0,10.0,36.0,150.0,420.0,512.0,1172.0
2024-03-05,46.0,12.0,38.0,134.0,428.0,466.0,1128.0
2024-03-06,46.0,8.0,36.0,116.0,436.0,450.0,1096.0
2024-03-07,48.0,8.0,44.0,106.0,442.0,432.0,1082.0
2024-03-08,44.0,8.0,42.0,110.0,396.0,410.0,1012.0
2024-03-09,42.0,8.0,42.0,110.0,428.0,408.0,1040.0
2024-03-10,42.0,8.0,42.0,112.0,430.0,406.0,1042.0
2024-03-11,44.0,8.0,44.0,112.0,426.0,410.0,1046.0
2024-03-12,42.0,6.0,44.0,112.0,382.0,386.0,972.0
2024-03-13,36.0,6.0,44.0,106.0,348.0,356.0,898.0
2024-03-14,34.0,6.0,40.0,98.0,328.0,338.0,846.0
2024-03-15,32.0,6.0,40.0,92.0,334.0,338.0,844.0
2024-03-16,34.0,6.0,42.0,82.0,308.0,332.0,806.0
2024-03-17,34.0,6.0,42.0,80.0,302.0,324.0,790.0
2024-03-18,32.0,6.0,40.0,82.0,306.0,316.0,784.0
2024-03-19,22.0,6.0,32.0,98.0,274.0,316.0,750.0
2024-03-20,20.0,4.0,34.0,98.0,270.0,310.0,738.0
2024-03-21,18.0,4.0,32.0,90.0,274.0,286.0,708.0
2024-03-22,16.0,4.0,24.0,80.0,268.0,274.0,670.0
2024-03-23,12.0,4.0,22.0,86.0,256.0,240.0,624.0
2024-03-24,12.0,4.0,22.0,90.0,260.0,244.0,636.0
2024-03-25,12.0,4.0,24.0,88.0,254.0,244.0,630.0
2024-03-26,14.0,2.0,34.0,84.0,246.0,202.0,586.0
2024-03-27,12.0,2.0,26.0,74.0,218.0,208.0,542.0
2024-03-28,10.0,2.0,28.0,76.0,190.0,224.0,530.0
2024-03-29,8.0,2.0,30.0,76.0,174.0,208.0,498.0
2024-03-30,8.0,0.0,26.0,60.0,146.0,188.0,428.0
2024-03-31,8.0,0.0,26.0,56.0,142.0,182.0,414.0
2024-04-01,8.0,0.0,24.0,56.0,142.0,182.0,412.0
